المنطقة,المساحة_متر,عدد_الغرف,عدد_الحمامات,عمر_البناء_سنوات,طابق,يوجد_مصعد,يوجد_موقف,يوجد_حديقة,يوجد_تدفئة_مركزية,قرب_الخدمات,السعر_دينار
الصويفية,182,4,1,14,10,1,1,0,0,8,221903
الصويفية,182,4,3,22,10,1,1,0,0,8,184105
ماركا,231,3,2,1,7,1,0,0,0,6,134881
الجاردنز,356,4,2,21,11,1,0,0,0,9,300025
الهاشمي الشمالي,138,2,2,27,11,1,1,0,0,3,53863
الشميساني,323,4,3,6,4,1,0,0,1,9,306173
ماركا,168,4,2,8,9,1,0,0,0,5,102305
الجبيهة,171,3,3,7,2,0,0,0,0,1,109040
طبربور,81,2,2,3,5,1,1,0,0,2,59381
النصر,241,4,2,13,7,1,0,0,0,7,115291
شفا بدران,269,4,1,17,4,1,1,0,0,8,150344
طبربور,331,4,1,28,0,0,0,0,0,9,168862
النصر,208,4,3,10,2,0,1,0,0,1,96011
صويلح,368,6,1,27,6,1,1,0,0,9,252189
دير غبار,112,3,3,22,7,1,1,0,1,5,128205
الجاردنز,293,6,3,0,2,0,1,0,0,5,359480
شفا بدران,210,3,1,25,6,1,1,0,0,7,90590
صويلح,286,6,2,12,2,0,1,0,0,7,212083
الشميساني,175,4,2,22,6,1,1,0,0,4,153216
أم السماق,266,6,2,27,1,0,1,0,1,10,251327
الشميساني,213,4,2,10,9,1,1,0,1,7,253664
الجبيهة,310,5,1,0,8,1,1,0,0,9,361645
الجاردنز,312,6,3,5,7,1,1,0,1,9,392733
أم أذينة,304,6,2,23,10,1,1,0,1,6,338775
الجبيهة,312,4,2,11,6,1,1,0,0,2,257727
شفا بدران,180,3,1,1,1,0,0,0,0,6,92532
الهاشمي الشمالي,303,4,1,18,1,0,1,0,0,5,134678
ماركا,239,4,3,3,6,1,1,0,0,8,163521
الجاردنز,334,5,1,33,5,1,0,0,1,6,239762
دير غبار,319,4,1,5,2,0,1,0,0,4,374505
أم السماق,226,4,3,32,7,1,1,0,0,7,188500
طبربور,208,3,1,24,1,0,1,0,0,7,107917
الشميساني,377,6,3,15,9,1,1,0,0,9,401099
الصويفية,81,1,1,11,4,1,1,0,0,5,90062
الجبيهة,88,1,1,18,2,0,0,0,0,4,54029
ماركا,199,3,3,7,3,0,0,0,0,6,115778
الشميساني,333,6,2,24,2,0,1,0,1,9,245459
المقابلين,273,5,3,15,8,1,1,0,0,4,164867
اللويبدة,368,5,1,19,7,1,1,0,0,8,337765
تلاع العلي,207,3,3,21,6,1,1,0,1,6,173762
المقابلين,117,3,1,7,10,1,1,0,0,2,65663
الياسمين,176,4,3,32,4,0,1,0,0,3,66605
اللويبدة,271,4,1,27,4,0,0,0,0,6,157090
جبل الحسين,312,4,1,30,2,0,1,0,0,1,94000
أم أذينة,332,4,3,32,2,0,1,0,1,2,261886
الهاشمي الشمالي,302,5,2,2,7,1,0,0,0,8,174287
الياسمين,230,4,3,26,9,1,0,0,0,2,98263
المقابلين,183,3,1,28,9,1,1,0,0,7,81256
تلاع العلي,385,4,1,6,8,1,1,0,1,4,484137
اللويبدة,343,5,2,11,2,0,1,0,0,7,259718
صويلح,367,6,3,21,2,0,1,0,0,9,225377
المقابلين,269,4,2,21,0,0,1,0,0,4,99705
أم أذينة,350,5,3,32,7,1,1,0,0,5,291186
الجاردنز,187,3,3,3,5,1,1,0,0,4,190500
أم أذينة,390,4,2,29,2,0,1,0,1,1,308872
أم أذينة,354,5,3,25,4,1,1,0,1,10,441895
الهاشمي الشمالي,358,6,1,11,4,0,1,0,0,1,164286
جبل الحسين,80,1,1,31,5,1,0,0,0,9,28451
الياسمين,351,4,3,4,5,1,0,0,0,7,197402
الصويفية,233,4,3,21,8,1,1,0,1,5,226954
دير غبار,173,4,2,4,11,1,1,0,0,10,285985
طبربور,118,3,1,29,4,1,1,0,0,7,54438
الصويفية,325,4,2,30,9,1,0,0,1,10,334358
ماركا,175,3,1,3,7,1,1,0,0,7,134698
أم أذينة,239,3,2,34,11,1,1,0,1,1,194460
دير غبار,258,6,1,11,2,0,1,0,1,1,348428
عبدون,122,3,1,12,11,1,1,0,1,2,165280
أم السماق,321,6,3,16,9,1,1,0,1,8,369261
دير غبار,169,4,2,6,3,0,0,0,0,10,219092
شفا بدران,154,3,1,20,8,1,1,0,0,4,75334
الهاشمي الشمالي,271,6,1,34,3,1,1,0,0,2,96570
تلاع العلي,175,4,3,31,4,1,1,0,1,1,132206
الهاشمي الشمالي,358,4,3,29,0,0,0,0,0,1,112407
دير غبار,296,5,1,18,0,0,1,0,1,4,275472
أم السماق,312,6,1,6,11,1,1,0,1,4,408233
أم أذينة,223,3,1,34,11,1,1,0,0,9,197703
الصويفية,132,2,1,13,9,1,1,0,1,5,158160
دير غبار,300,6,3,17,11,1,1,0,1,9,459161
المقابلين,332,5,3,12,7,1,1,0,0,10,200675
الجبيهة,362,5,2,4,4,0,1,0,0,6,346852
اللويبدة,224,3,3,24,3,1,1,0,0,4,149953
أم أذينة,354,4,2,26,9,1,1,0,1,10,380614
الصويفية,205,3,1,12,1,0,0,0,0,10,215180
صويلح,396,6,1,0,2,0,1,0,0,9,343817
الجاردنز,391,4,2,5,9,1,0,0,1,5,386037
اللويبدة,292,6,1,34,2,0,1,0,0,4,151412
المقابلين,126,2,1,13,0,0,0,1,0,5,59698
اللويبدة,338,6,1,10,11,1,0,0,0,10,379994
خلدا,235,3,2,27,3,1,1,0,1,10,207220
خلدا,395,5,1,26,5,1,1,0,1,1,326253
تلاع العلي,291,4,1,12,2,0,1,0,1,6,310711
المقابلين,335,4,3,24,1,0,1,1,0,10,180940
دير غبار,321,6,1,4,6,1,1,0,0,8,480185
عبدون,144,3,3,10,4,1,0,0,1,10,219749
أم السماق,394,6,1,12,0,0,1,0,1,2,331958
عبدون,390,5,1,4,4,0,1,0,1,6,712929
خلدا,102,2,1,9,9,1,1,0,1,3,105398
خلدا,157,3,2,0,2,0,1,0,0,4,157000
صويلح,367,5,3,7,6,1,1,0,0,10,324413
دير غبار,197,3,3,11,0,0,1,0,0,6,233823
الصويفية,301,6,1,16,6,1,1,0,1,5,367536
النصر,145,2,2,33,5,1,1,0,0,2,46419
الجاردنز,365,6,3,33,3,1,1,0,1,9,297293
ماركا,109,2,2,16,4,0,1,0,0,4,52915
الجبيهة,352,4,2,5,4,1,1,0,0,2,287310
الجاردنز,314,6,3,22,6,1,1,0,0,6,297562
دير غبار,263,4,3,31,2,0,1,0,0,2,214295
شفا بدران,130,2,1,4,1,0,1,1,0,10,77916
الجاردنز,80,1,1,11,9,1,1,0,0,2,64704
الشميساني,297,4,3,8,9,1,1,0,0,9,323115
المقابلين,293,6,2,16,9,1,1,0,0,4,184036
الهاشمي الشمالي,192,3,1,14,7,1,0,0,0,6,86400
الشميساني,107,2,2,23,1,0,0,1,0,10,69268
الصويفية,391,6,3,2,6,1,1,0,1,2,530273
ماركا,306,6,3,24,6,1,1,0,0,5,156406
طبربور,118,2,1,21,9,1,0,0,0,9,75172
دير غبار,291,4,2,2,8,1,0,0,1,2,370737
الهاشمي الشمالي,190,4,2,7,7,1,1,0,0,1,104329
تلاع العلي,121,2,1,5,3,1,0,0,1,10,133898
الجبيهة,394,4,2,32,4,1,1,0,0,6,217248
الصويفية,149,2,2,10,7,1,1,0,0,7,177699
ماركا,322,6,1,23,5,1,1,0,0,2,176755
الهاشمي الشمالي,154,4,3,5,5,1,1,0,0,1,85265
طبربور,141,2,2,14,10,1,1,0,0,8,95014
النصر,252,4,2,25,5,1,1,0,0,4,99352
عبدون,304,4,3,0,9,1,0,0,1,6,570291
النصر,218,3,1,2,0,0,1,0,0,6,100523
شفا بدران,89,1,1,9,11,1,1,0,0,2,47844
أم السماق,209,4,1,8,0,0,1,0,1,9,220626
النصر,117,2,2,29,0,0,1,1,0,5,41585
الجاردنز,315,5,2,10,8,1,0,0,0,2,285051
عبدون,114,2,2,28,7,1,1,0,1,9,144516
أم أذينة,395,5,3,20,4,1,1,0,1,5,421842
طبربور,157,4,2,3,8,1,0,0,0,10,124945
عبدون,375,6,2,31,2,0,1,0,1,6,429182
الصويفية,142,2,1,24,0,0,1,0,1,1,102720
المقابلين,388,6,3,5,5,1,1,0,0,3,255575
الصويفية,121,3,3,28,0,0,1,1,1,4,103711
الهاشمي الشمالي,236,4,1,32,4,1,1,0,0,7,85426
شفا بدران,275,5,2,9,4,1,1,0,0,10,182278
المقابلين,373,4,3,23,3,1,1,0,0,8,184192
شفا بدران,215,3,1,3,11,1,1,0,0,2,124058
الياسمين,194,3,2,26,4,1,1,0,0,4,80202
الشميساني,117,3,3,25,10,1,1,0,1,10,103808
الشميساني,289,4,1,11,11,1,1,0,0,4,311688
الجبيهة,212,4,1,7,9,1,1,0,0,1,185283
خلدا,130,2,2,21,10,1,1,0,0,7,109831
تلاع العلي,180,3,2,22,8,1,1,0,1,1,168631
ماركا,134,2,2,20,8,1,1,0,0,5,69515
طبربور,392,4,2,34,3,1,1,0,0,9,213034
عبدون,373,5,3,17,10,1,1,0,0,2,593296
عبدون,207,3,3,23,8,1,1,0,0,7,250619
ماركا,240,3,1,21,9,1,1,0,0,2,131748
النصر,163,3,1,19,5,1,1,0,0,6,64518
الشميساني,268,4,3,0,6,1,0,0,0,3,249357
طبربور,290,5,2,28,0,0,1,1,0,8,158052
خلدا,336,5,3,1,5,1,1,0,1,1,410753
جبل الحسين,245,3,3,3,0,0,1,0,0,8,136181
ماركا,210,4,2,9,2,0,0,0,0,2,109453
شفا بدران,166,3,2,6,7,1,1,0,0,1,99228
الجبيهة,334,4,2,2,2,0,0,0,0,1,252875
الجبيهة,343,5,3,31,7,1,1,0,0,8,235572
الشميساني,244,4,1,13,6,1,1,0,0,2,190023
أم أذينة,342,4,3,20,2,0,1,0,1,3,339784
دير غبار,267,5,2,0,4,1,1,0,1,4,399422
دير غبار,274,6,3,11,3,1,1,0,0,5,355922
عبدون,335,5,1,33,4,1,0,0,1,3,389526
الصويفية,359,4,2,29,7,1,0,0,1,7,334323
صويلح,288,5,3,16,8,1,1,0,0,8,240706
الصويفية,360,6,1,21,10,1,0,0,0,4,335451
جبل الحسين,108,2,2,22,4,0,1,0,0,6,45801
طبربور,121,3,1,33,0,0,1,0,0,5,50506
أم أذينة,155,3,1,21,4,1,1,0,0,9,154107
اللويبدة,298,5,1,6,9,1,1,0,0,1,283039
الصويفية,269,5,2,1,11,1,1,0,0,6,404925
الهاشمي الشمالي,386,4,3,25,4,1,1,0,0,8,173353
المقابلين,243,3,3,34,5,1,0,0,0,2,80108
ماركا,231,4,2,4,7,1,0,0,0,1,134544
صويلح,318,6,3,16,10,1,1,0,0,2,248201
خلدا,152,3,1,0,8,1,1,0,1,8,205082
الشميساني,118,2,2,29,5,1,1,0,1,2,71099
شفا بدران,180,4,3,16,9,1,1,0,0,9,111071
الشميساني,382,5,3,7,4,1,0,0,1,1,383258
الشميساني,277,4,2,24,11,1,0,0,1,10,213549
النصر,105,2,2,15,6,1,1,0,0,1,40645
الياسمين,165,4,3,13,4,1,0,0,0,7,87797
تلاع العلي,255,5,3,22,1,0,1,0,0,4,219182
النصر,182,3,2,30,7,1,1,0,0,3,64509
عبدون,380,5,3,25,6,1,0,0,0,7,417017
ماركا,94,2,1,3,5,1,1,0,0,9,68454
الياسمين,240,4,1,1,6,1,1,0,0,3,171512
عبدون,330,6,1,12,1,0,0,0,1,3,413614
اللويبدة,381,4,2,28,4,1,1,0,0,9,277127
الهاشمي الشمالي,315,6,1,9,8,1,1,0,0,7,203777
الهاشمي الشمالي,144,3,1,2,7,1,1,0,0,2,77315
الشميساني,372,4,1,14,8,1,0,0,1,1,322832
الجبيهة,219,3,2,5,6,1,1,0,0,8,213759
أم السماق,90,2,1,33,8,1,1,0,0,7,72805
جبل الحسين,138,3,1,9,10,1,1,0,0,2,70987
اللويبدة,320,5,3,5,4,1,1,0,0,5,326576
اللويبدة,294,4,1,34,3,0,0,0,0,10,163502
عبدون,257,5,2,16,7,1,0,0,0,3,369783
دير غبار,348,4,3,24,8,1,1,0,0,4,380171
الياسمين,177,3,1,2,10,1,0,0,0,9,106175
اللويبدة,305,5,1,14,7,1,1,0,0,9,285539
أم السماق,305,6,2,7,10,1,1,0,1,5,350057
الصويفية,116,3,1,27,4,1,1,0,0,1,83702
دير غبار,380,5,1,2,7,1,1,0,1,8,636340
أم أذينة,316,4,2,23,2,0,1,0,0,8,281019
ماركا,138,2,1,12,10,1,1,0,0,9,97789
الجاردنز,270,6,2,6,4,1,1,0,1,10,338376
اللويبدة,110,2,2,9,10,1,1,0,0,5,103333
اللويبدة,161,4,2,13,11,1,0,0,0,7,130450
الصويفية,92,2,2,16,7,1,0,0,0,2,84497
أم أذينة,242,4,2,18,6,1,0,0,0,10,260185
عبدون,398,6,2,28,5,1,1,0,1,4,470368
دير غبار,321,6,1,11,5,1,1,0,1,1,437805
شفا بدران,272,5,2,17,1,0,0,0,0,4,136875
الشميساني,86,1,1,32,5,1,1,0,1,3,49726
تلاع العلي,105,3,2,33,3,1,1,0,1,1,63871
الشميساني,118,2,2,28,10,1,0,0,0,4,84039
اللويبدة,254,5,2,10,10,1,1,0,0,3,266207
اللويبدة,315,4,1,15,4,1,1,0,0,4,252858
اللويبدة,336,5,2,14,1,0,1,1,0,3,249311
المقابلين,360,5,3,15,10,1,1,0,0,8,200706
النصر,224,3,1,7,10,1,1,0,0,2,123178
الجبيهة,260,5,3,19,8,1,0,0,0,7,181841
الجاردنز,315,4,2,21,5,1,1,0,1,5,265026
عبدون,151,3,1,16,7,1,1,0,0,5,184448
دير غبار,399,5,2,30,5,1,0,0,1,9,436428
شفا بدران,181,3,3,21,2,0,1,0,0,8,79066
أم السماق,155,3,2,31,5,1,1,0,1,6,111005
أم أذينة,240,4,2,32,1,0,1,0,0,1,157947
الصويفية,156,4,2,21,6,1,1,0,1,2,171225
اللويبدة,169,4,2,14,1,0,1,0,0,10,128070
الهاشمي الشمالي,384,6,1,2,10,1,0,0,0,6,257304
الشميساني,152,3,3,31,8,1,1,0,1,2,117257
المقابلين,257,5,2,6,10,1,0,0,0,4,159680
الهاشمي الشمالي,393,5,2,2,8,1,0,0,0,10,259015
المقابلين,91,1,1,24,2,0,1,0,0,10,35446
الياسمين,317,4,1,31,2,0,1,0,0,2,104873
دير غبار,290,5,1,31,7,1,1,0,1,9,303194
شفا بدران,281,6,3,28,5,1,1,0,0,1,142171
عبدون,384,5,1,30,9,1,1,0,0,8,476588
أم السماق,83,2,2,19,11,1,0,0,1,8,77877
الجاردنز,175,3,2,33,3,1,1,0,1,2,119173
الصويفية,341,6,2,11,2,0,1,0,0,2,372033
اللويبدة,304,6,2,7,3,1,1,0,0,7,321328
الياسمين,93,2,2,4,5,1,0,0,0,9,52704
الهاشمي الشمالي,395,4,3,13,7,1,0,0,0,7,195296
النصر,209,3,2,16,10,1,1,0,0,9,116971
أم أذينة,145,2,1,4,0,0,1,1,1,8,185430
المقابلين,243,3,3,30,10,1,0,0,0,10,93454
اللويبدة,349,5,1,9,11,1,1,0,0,9,357346
الياسمين,355,6,1,19,11,1,1,0,0,9,227568
الياسمين,254,4,1,27,5,1,1,0,0,4,109308
الهاشمي الشمالي,209,3,3,19,9,1,1,0,0,1,87803
تلاع العلي,277,4,1,4,0,0,1,0,0,1,255209
ماركا,91,2,1,23,10,1,1,0,0,2,42959
طبربور,364,4,3,30,7,1,1,0,0,2,171759
خلدا,373,6,2,15,1,0,1,0,1,10,435689
جبل الحسين,87,2,1,0,6,1,0,0,0,8,44606
شفا بدران,84,1,1,33,0,0,0,1,0,7,32012
عبدون,193,4,1,25,7,1,1,0,1,8,274488
خلدا,381,4,1,18,4,0,1,0,0,5,341824
النصر,299,5,2,5,8,1,1,0,0,1,163900
الجبيهة,255,4,1,12,8,1,1,0,0,4,221304
طبربور,181,4,2,18,5,1,1,0,0,2,115574
الياسمين,358,6,1,10,0,0,1,0,0,8,196982
أم أذينة,168,3,3,0,11,1,1,0,0,10,245401
الجاردنز,395,4,1,32,0,0,1,0,0,1,222020
الصويفية,181,4,3,34,7,1,1,0,1,10,167305
دير غبار,344,6,1,25,7,1,0,0,0,2,336614
ماركا,196,3,2,24,11,1,1,0,0,5,100356
جبل الحسين,372,6,3,22,5,1,0,0,0,2,169910
أم السماق,100,2,2,15,4,0,1,0,1,9,95142
الجاردنز,130,2,1,12,5,1,1,0,0,3,103295
الشميساني,131,3,3,28,11,1,1,0,1,3,100061
شفا بدران,185,4,2,17,1,0,1,0,0,1,98311
أم السماق,169,3,2,10,6,1,1,0,1,10,206139
اللويبدة,238,3,3,19,3,1,1,0,0,6,196522
الشميساني,251,4,2,12,6,1,1,0,1,6,268557
الياسمين,293,4,2,8,9,1,1,0,0,8,193786
صويلح,204,4,1,25,10,1,1,0,0,5,124593
اللويبدة,231,3,3,9,8,1,1,0,0,2,216749
طبربور,321,4,3,34,11,1,1,0,0,2,151893
دير غبار,228,3,2,14,2,0,1,0,1,7,264224
اللويبدة,217,3,2,12,8,1,0,0,0,9,213258
صويلح,370,6,1,17,2,0,0,0,0,10,247648
تلاع العلي,246,3,1,10,6,1,1,0,1,8,242248
خلدا,98,2,2,31,6,1,1,0,1,4,66028
اللويبدة,243,3,1,7,0,0,1,0,0,6,184880
صويلح,275,4,1,1,11,1,0,0,0,5,210560
اللويبدة,239,3,2,7,1,0,1,0,0,3,191625
تلاع العلي,137,2,2,5,1,0,0,0,1,7,125331
المقابلين,181,3,3,33,6,1,1,0,0,4,60911
أم السماق,379,5,1,12,8,1,1,0,1,7,457368
اللويبدة,237,3,3,15,11,1,1,0,0,1,180286
الصويفية,215,4,3,15,6,1,0,0,1,3,203620
الجاردنز,84,2,1,29,4,1,1,0,1,4,61649
الهاشمي الشمالي,310,4,1,15,11,1,1,0,0,6,155370
عبدون,221,4,1,22,1,0,1,0,0,2,240136
الشميساني,337,6,1,8,0,0,1,1,1,3,329736
الصويفية,233,4,2,5,2,0,1,0,1,6,277197
النصر,395,4,2,11,0,0,1,0,0,10,185987
النصر,370,5,2,29,5,1,0,0,0,3,142371
شفا بدران,93,1,1,20,2,0,1,0,0,2,35321
اللويبدة,285,5,2,24,1,0,1,0,0,9,204055
دير غبار,368,6,2,0,5,1,1,0,1,4,592557
الصويفية,104,2,1,33,7,1,1,0,0,5,67822
صويلح,104,2,1,11,11,1,1,0,0,4,74811
الهاشمي الشمالي,395,6,2,31,10,1,1,0,0,2,172803
خلدا,366,6,1,18,1,0,1,0,1,10,360327
النصر,346,5,1,30,7,1,1,0,0,9,138315
دير غبار,178,3,1,27,2,0,1,0,0,7,165132
شفا بدران,331,4,3,16,4,1,1,0,0,7,179010
الصويفية,300,5,3,34,6,1,1,0,1,6,276086
صويلح,308,4,2,4,6,1,1,0,0,2,223553
الصويفية,325,5,3,20,9,1,1,0,0,7,329455
تلاع العلي,144,2,1,25,1,0,1,0,0,5,92067
الجبيهة,252,4,3,10,4,0,0,0,0,4,167286
جبل الحسين,196,4,2,3,1,0,0,1,0,4,98894
الهاشمي الشمالي,161,4,3,28,3,0,0,0,0,6,56621
الجاردنز,121,2,1,16,7,1,0,0,1,9,119442
عبدون,209,4,1,32,9,1,1,0,1,2,211004
الهاشمي الشمالي,311,4,3,33,7,1,0,0,0,6,116027
عبدون,158,3,3,23,2,0,0,0,0,5,174691
الجاردنز,166,3,1,7,8,1,0,0,0,7,178337
خلدا,188,3,3,23,0,0,1,0,1,5,147588
الياسمين,311,5,3,10,3,1,1,0,0,3,195361
جبل الحسين,107,2,2,4,4,0,1,0,0,6,56773
النصر,399,5,2,31,11,1,1,0,0,1,142123
المقابلين,335,4,1,1,1,0,1,0,0,3,173988
عبدون,157,3,1,24,9,1,1,0,1,7,189951
الصويفية,345,4,3,1,5,1,1,0,0,5,491043
أم أذينة,367,5,3,9,0,0,1,0,0,8,430857
النصر,232,4,3,13,11,1,1,0,0,10,131386
الجبيهة,357,5,1,31,2,0,1,0,0,1,194729
النصر,201,4,2,11,8,1,1,0,0,2,105418
النصر,228,4,2,6,6,1,1,0,0,6,132356
الصويفية,101,3,1,12,1,0,1,0,1,2,91075
تلاع العلي,362,5,3,14,2,0,1,0,1,7,384675
ماركا,357,6,1,32,7,1,1,0,0,3,158060
ماركا,98,1,1,29,6,1,1,0,0,9,46727
الجبيهة,190,4,2,15,7,1,1,0,0,1,147093
خلدا,82,1,1,31,9,1,1,0,0,2,53327
أم أذينة,89,1,1,26,10,1,0,0,1,2,72946
خلدا,92,1,1,25,9,1,1,0,1,6,86139
الجبيهة,93,1,1,19,10,1,1,0,0,3,67190
ماركا,149,3,3,3,3,1,1,0,0,4,106106
اللويبدة,306,5,1,20,5,1,1,0,0,8,235419
جبل الحسين,281,5,2,3,11,1,0,0,0,9,174149
الياسمين,352,6,3,3,2,0,0,0,0,8,200448
الصويفية,265,6,2,23,1,0,1,0,0,2,239502
الشميساني,267,6,1,18,5,1,1,0,1,8,256321
النصر,109,3,2,30,3,1,1,0,0,3,37533
عبدون,307,5,3,32,1,0,1,0,1,4,287548
عبدون,330,6,3,32,0,0,0,0,0,6,323455
الجبيهة,319,6,3,14,5,1,0,0,0,7,264503
خلدا,140,3,2,2,10,1,1,0,0,1,164976
عبدون,197,3,2,16,10,1,1,0,0,3,302651
شفا بدران,114,3,2,4,4,1,1,0,0,4,77349
الجبيهة,153,4,1,5,9,1,1,0,0,4,125525
أم أذينة,374,5,3,0,7,1,0,0,1,9,492797
دير غبار,376,5,2,30,3,1,1,0,1,8,393308
الياسمين,292,5,2,29,5,1,1,0,0,7,129946
تلاع العلي,299,5,2,15,5,1,0,0,1,10,338504
اللويبدة,149,3,1,19,1,0,1,0,0,10,111567
المقابلين,100,3,2,32,10,1,0,0,0,7,35690
طبربور,239,4,3,19,7,1,0,0,0,7,139424
تلاع العلي,233,4,2,20,1,0,1,0,0,5,194183
الشميساني,297,4,1,18,2,0,1,0,0,9,269869
الياسمين,240,4,1,3,9,1,0,0,0,9,179271
طبربور,368,4,1,33,11,1,0,0,0,10,190281
الهاشمي الشمالي,165,3,1,33,5,1,1,0,0,6,66079
أم أذينة,84,2,2,1,9,1,1,0,1,2,122540
شفا بدران,204,3,2,11,7,1,1,0,0,8,112737
جبل الحسين,138,3,3,31,6,1,1,0,0,5,46987
ماركا,147,3,2,14,7,1,1,0,0,8,97553
الجبيهة,293,5,3,27,9,1,1,0,0,1,170196
شفا بدران,327,5,3,7,11,1,1,0,0,1,208774
أم أذينة,306,5,3,22,8,1,0,0,1,2,289414
طبربور,276,6,3,11,9,1,1,0,0,8,212591
اللويبدة,376,4,1,7,6,1,0,0,0,9,340445
أم السماق,317,5,2,19,5,1,1,0,1,2,290311
تلاع العلي,338,6,2,32,11,1,1,0,1,1,239315
خلدا,87,1,1,3,5,1,0,0,0,6,96506
النصر,216,4,3,15,0,0,0,1,0,7,84731
أم أذينة,237,3,2,3,11,1,1,0,1,6,379842
جبل الحسين,138,2,2,4,8,1,1,0,0,3,76743
جبل الحسين,360,5,2,4,2,0,1,0,0,9,223725
النصر,213,3,1,10,1,0,1,1,0,9,105386
الجبيهة,305,5,3,11,11,1,0,0,0,10,257450
شفا بدران,235,4,2,32,4,1,1,0,0,3,89772
جبل الحسين,120,2,2,17,9,1,1,0,0,9,59275
اللويبدة,229,3,1,10,10,1,0,0,0,3,169233
صويلح,351,5,2,34,7,1,0,0,0,8,165282
أم أذينة,280,4,3,22,2,0,1,0,1,4,291487
شفا بدران,382,5,3,20,2,0,1,0,0,9,191721
دير غبار,381,5,1,8,2,0,1,0,1,2,490957
تلاع العلي,213,3,3,22,10,1,1,0,0,2,174878
دير غبار,117,3,1,7,2,0,1,0,1,3,155583
الجبيهة,163,3,1,23,9,1,0,0,0,6,102449
أم السماق,162,4,3,2,9,1,1,0,1,3,216821
المقابلين,252,6,2,8,10,1,0,0,0,7,163508
صويلح,354,6,2,16,8,1,1,0,0,1,262466
الجبيهة,168,4,3,34,8,1,0,0,0,9,87645
الجبيهة,147,3,2,21,8,1,0,0,0,8,95729
طبربور,262,4,2,29,11,1,1,0,0,3,131664
النصر,129,2,2,20,4,1,1,0,0,4,48832
جبل الحسين,251,4,1,8,8,1,1,0,0,4,156153
اللويبدة,295,4,1,22,7,1,1,0,0,6,220551
طبربور,126,2,1,18,9,1,1,0,0,4,75114
أم أذينة,311,4,3,19,8,1,1,0,1,3,333031
خلدا,107,3,2,11,2,0,1,0,1,6,101156
المقابلين,241,3,3,0,7,1,1,0,0,7,153003
المقابلين,293,4,2,16,11,1,1,0,0,6,146933
أم السماق,215,3,2,0,8,1,1,0,1,1,265215
تلاع العلي,221,3,1,19,7,1,0,0,0,1,171356
الصويفية,128,3,1,7,10,1,1,0,1,4,145895
المقابلين,169,3,1,8,7,1,1,0,0,5,91524
النصر,96,2,1,12,10,1,1,0,0,3,44879
أم السماق,206,4,1,0,7,1,1,0,1,3,245340
أم السماق,188,4,1,32,9,1,0,0,0,7,155909
الجاردنز,87,1,1,22,6,1,1,0,1,1,66155
شفا بدران,225,4,2,32,3,0,0,0,0,2,71709
الياسمين,318,4,1,11,9,1,0,0,0,3,175304
جبل الحسين,337,6,1,9,1,0,1,0,0,3,177313
اللويبدة,345,5,2,8,8,1,1,0,0,7,386205
ماركا,163,4,3,1,5,1,1,0,0,3,114739
النصر,375,5,1,11,2,0,0,0,0,1,142765
الشميساني,292,5,1,30,8,1,1,0,0,7,244834
الصويفية,373,4,2,17,3,1,1,0,0,3,339403
أم أذينة,152,3,2,29,11,1,1,0,1,2,135740
خلدا,274,6,1,22,7,1,0,0,1,10,273519
شفا بدران,197,4,1,23,6,1,1,0,0,2,87750
ماركا,86,2,1,0,0,0,0,0,0,4,44966
الجاردنز,281,5,3,30,10,1,0,0,0,1,178452
الجبيهة,143,2,2,11,5,1,1,0,0,1,93353
الجبيهة,192,3,2,4,7,1,0,0,0,8,164152
اللويبدة,154,3,2,26,5,1,1,0,0,10,108588
خلدا,341,6,1,14,4,1,1,0,1,10,461447
أم أذينة,204,3,2,34,6,1,0,0,0,6,157874
النصر,280,4,1,12,10,1,0,0,0,4,120828
اللويبدة,303,5,1,12,1,0,0,0,0,6,223052
الجاردنز,121,3,1,20,11,1,1,0,1,5,123446
الصويفية,171,3,1,34,1,0,1,0,1,4,117549
المقابلين,352,6,2,21,8,1,1,0,0,8,207291
اللويبدة,244,3,1,7,11,1,1,0,0,5,229266
الجاردنز,243,4,3,26,4,1,0,0,1,2,189550
المقابلين,252,6,2,20,5,1,0,0,0,7,118201
المقابلين,263,4,2,11,5,1,1,0,0,1,156230
المقابلين,233,4,2,10,0,0,1,0,0,8,119010
الياسمين,282,4,3,16,2,0,0,0,0,5,148952
طبربور,161,4,3,3,6,1,1,0,0,3,111979
عبدون,195,3,1,16,0,0,1,0,0,1,236861
الصويفية,226,3,2,2,10,1,1,0,0,5,293360
دير غبار,268,6,3,15,1,0,1,0,1,6,345485
شفا بدران,250,6,2,9,9,1,1,0,0,5,168765
أم السماق,273,4,3,29,8,1,0,0,1,3,240206
شفا بدران,343,5,1,6,6,1,0,0,0,3,222784
تلاع العلي,104,2,1,14,4,1,1,0,0,8,107872
طبربور,267,4,3,0,3,1,1,0,0,3,213220
الشميساني,183,3,1,33,3,0,1,0,0,6,102284
دير غبار,151,3,2,12,1,0,1,0,0,3,161226
صويلح,95,2,1,33,9,1,1,0,0,6,44263
شفا بدران,92,2,2,30,11,1,1,0,0,2,36467
أم السماق,294,5,2,26,5,1,1,0,1,7,267742
المقابلين,312,5,1,12,4,1,0,0,0,3,160122
ماركا,392,4,2,30,0,0,0,0,0,7,152862
أم السماق,153,4,2,19,1,0,1,0,0,2,128964
اللويبدة,132,3,3,21,3,1,1,0,0,7,105017
ماركا,91,1,1,13,1,0,0,0,0,2,44332
شفا بدران,206,3,1,11,0,0,0,1,0,9,98511
صويلح,233,4,2,16,6,1,1,0,0,8,185052
دير غبار,399,4,3,0,10,1,1,0,0,3,601389
أم السماق,241,4,2,14,2,0,1,0,0,3,232054
النصر,191,4,3,16,9,1,1,0,0,7,96731
خلدا,395,6,1,9,6,1,1,0,0,5,489290
طبربور,92,1,1,23,11,1,0,0,0,1,46553
خلدا,360,5,1,20,3,1,1,0,0,3,351004
أم أذينة,372,5,1,27,8,1,1,0,0,3,363050
الشميساني,225,4,2,34,11,1,0,0,1,9,142373
الياسمين,92,2,1,12,3,1,1,0,0,2,44690
الصويفية,245,3,2,21,0,0,1,0,1,4,215874
النصر,252,4,2,8,7,1,1,0,0,8,143063
الياسمين,353,6,2,20,11,1,0,0,0,8,200713
أم أذينة,144,3,1,34,8,1,1,0,1,1,107315
أم أذينة,217,3,3,9,4,1,1,0,1,6,264111
صويلح,217,3,1,2,5,1,1,0,0,1,184854
اللويبدة,103,2,2,24,3,1,1,0,0,10,74681
أم السماق,309,4,3,27,0,0,1,0,0,8,204273
تلاع العلي,362,5,1,29,8,1,0,0,1,2,261413
صويلح,303,4,1,32,6,1,1,0,0,10,162623
الهاشمي الشمالي,392,5,3,12,6,1,1,0,0,4,231825
أم أذينة,239,3,1,22,8,1,1,0,1,8,266754
المقابلين,293,6,3,28,8,1,1,0,0,2,140291
جبل الحسين,284,6,3,25,3,0,1,0,0,10,141057
أم أذينة,198,3,2,10,11,1,1,0,0,6,239426
الهاشمي الشمالي,138,3,3,25,8,1,0,0,0,10,59052
خلدا,346,4,1,7,7,1,1,0,0,4,375869
الصويفية,128,2,2,23,5,1,1,0,0,9,130371
الجاردنز,253,5,2,4,3,1,1,0,1,4,273627
أم أذينة,327,5,1,26,1,0,1,0,1,10,342423
خلدا,373,5,2,17,9,1,1,0,0,3,356377
أم السماق,172,4,1,32,0,0,1,0,0,2,113407
النصر,235,4,2,15,3,1,1,0,0,3,108900
جبل الحسين,263,6,2,11,10,1,1,0,0,5,154108
أم أذينة,98,1,1,17,9,1,1,0,1,6,99962
تلاع العلي,364,6,1,33,0,0,1,0,1,5,274845
الياسمين,326,4,2,7,3,1,1,0,0,1,190747
اللويبدة,160,3,2,21,5,1,1,0,0,9,134170
طبربور,115,2,2,20,7,1,0,0,0,10,62862
دير غبار,134,3,3,21,4,0,1,0,1,9,138503
الجبيهة,220,3,2,8,5,1,1,0,0,8,211316
الجبيهة,113,2,1,31,8,1,1,0,0,7,65319
طبربور,196,4,3,34,0,0,0,0,0,7,79149
الهاشمي الشمالي,285,4,2,28,3,0,0,0,0,5,98028
الصويفية,193,3,2,25,3,1,0,0,0,4,140781
اللويبدة,394,6,1,4,9,1,1,0,0,1,373046
ماركا,316,4,1,3,4,0,1,0,0,8,213788
أم السماق,178,4,2,18,11,1,1,0,1,7,206393
تلاع العلي,233,4,1,20,3,1,1,0,1,7,221051
الياسمين,321,4,1,7,8,1,1,0,0,3,209714
أم أذينة,125,3,2,26,3,1,1,0,1,10,142461
تلاع العلي,274,6,3,33,7,1,0,0,0,8,209767
النصر,369,4,1,22,4,1,1,0,0,8,156272
الياسمين,148,2,2,5,4,1,0,0,0,9,98175
الصويفية,182,4,1,19,2,0,1,0,1,3,152260
صويلح,117,2,2,4,6,1,1,0,0,10,92204
طبربور,269,4,1,26,2,0,0,0,0,9,129865
الهاشمي الشمالي,126,3,3,15,7,1,1,0,0,6,61619
أم أذينة,228,4,1,15,10,1,1,0,1,7,295789
النصر,281,6,2,8,0,0,1,0,0,10,145274
الصويفية,352,6,1,20,4,1,1,0,0,6,405007
صويلح,270,4,3,16,8,1,0,0,0,8,180345
المقابلين,350,6,3,5,0,0,1,0,0,7,185899
دير غبار,205,3,1,33,10,1,1,0,1,9,187540
شفا بدران,220,4,2,19,3,0,1,0,0,5,116979
خلدا,142,2,2,0,0,0,1,0,0,3,136599
النصر,179,4,2,18,10,1,1,0,0,4,76886
الجبيهة,157,4,1,13,1,0,1,0,0,7,109582
الياسمين,394,4,3,5,8,1,1,0,0,1,279044
عبدون,272,4,3,15,5,1,1,0,1,8,392952
جبل الحسين,399,5,3,18,11,1,1,0,0,10,238426
عبدون,174,4,3,1,7,1,1,0,1,6,332581
جبل الحسين,86,2,2,2,1,0,1,0,0,7,48941
جبل الحسين,289,4,1,11,4,1,1,0,0,5,147784
النصر,176,3,1,27,4,1,1,0,0,6,63631
الجاردنز,112,3,2,18,5,1,1,0,0,5,86276
عبدون,126,2,1,12,3,1,1,0,1,6,196989
تلاع العلي,294,5,3,18,5,1,1,0,1,8,339125
دير غبار,359,5,3,9,8,1,1,0,1,9,494941
الياسمين,141,2,2,16,1,0,1,0,0,6,67582
أم السماق,397,4,1,17,9,1,1,0,1,4,402002
الشميساني,298,4,3,2,9,1,0,0,0,2,299801
الهاشمي الشمالي,287,5,2,21,9,1,1,0,0,7,134644
اللويبدة,236,3,2,19,10,1,1,0,0,9,179053
الياسمين,187,3,3,1,4,1,1,0,0,2,122514
الشميساني,213,3,3,9,8,1,1,0,1,1,216840
طبربور,312,6,3,1,3,1,1,0,0,1,225939
خلدا,345,4,3,21,2,0,1,0,0,5,269249
أم أذينة,357,5,2,24,11,1,1,0,0,1,318206
الياسمين,147,2,1,8,3,0,1,0,0,3,82924
الشميساني,152,3,2,31,5,1,1,0,0,6,92170
النصر,362,5,2,34,3,1,0,0,0,5,133741
دير غبار,350,4,3,8,10,1,1,0,1,10,607210
دير غبار,352,6,1,19,7,1,1,0,1,7,422958
خلدا,230,3,3,32,8,1,1,0,1,5,167477
ماركا,369,6,1,2,9,1,1,0,0,1,288985
الياسمين,173,4,3,9,1,0,1,0,0,6,94484
اللويبدة,243,3,3,12,7,1,1,0,0,3,204275
أم أذينة,170,4,3,16,8,1,0,0,1,6,214490
دير غبار,374,4,1,8,1,0,1,0,1,8,522608
أم السماق,337,4,2,14,11,1,0,0,1,2,359110
الياسمين,229,4,3,12,3,0,1,0,0,6,123558
اللويبدة,140,2,2,23,3,1,0,0,0,1,90985
جبل الحسين,321,4,1,20,4,1,1,0,0,1,130053
الجبيهة,100,3,3,2,3,1,1,0,0,3,78481
الهاشمي الشمالي,148,2,2,22,8,1,1,0,0,5,70452
خلدا,131,3,1,31,6,1,1,0,0,5,94087
الصويفية,256,5,2,15,0,0,1,0,1,1,220103
أم السماق,216,4,3,34,6,1,1,0,0,6,155388
تلاع العلي,340,5,3,16,11,1,1,0,1,7,371197
ماركا,392,6,2,8,4,1,0,0,0,7,246497
الصويفية,125,3,3,22,0,0,0,0,0,7,85714
الجاردنز,213,4,2,29,5,1,1,0,1,6,150925
الشميساني,288,5,3,31,9,1,1,0,1,3,205105
عبدون,217,3,3,33,8,1,1,0,0,10,254430
الصويفية,285,6,3,18,5,1,0,0,1,8,331574
اللويبدة,216,3,1,32,2,0,1,0,0,3,120998
اللويبدة,254,5,1,28,1,0,1,0,0,2,151408
خلدا,325,4,2,28,0,0,1,0,1,5,219635
صويلح,374,5,1,6,4,1,1,0,0,10,366899
الياسمين,86,2,1,0,0,0,1,1,0,1,52320
تلاع العلي,330,4,3,14,4,1,1,0,1,10,337490
أم أذينة,104,3,1,0,8,1,1,0,0,6,159836
جبل الحسين,197,3,3,13,2,0,0,0,0,3,88695
الهاشمي الشمالي,350,6,3,29,8,1,0,0,0,8,139098
الهاشمي الشمالي,127,3,2,5,11,1,1,0,0,9,84552
المقابلين,299,4,1,17,1,0,1,0,0,6,141252
جبل الحسين,300,6,2,28,2,0,1,0,0,3,103057
المقابلين,285,6,3,3,10,1,0,0,0,4,167209
خلدا,186,4,3,29,10,1,1,0,0,2,156637
شفا بدران,128,2,2,33,7,1,1,0,0,9,54071
عبدون,280,5,2,31,9,1,1,0,1,4,315250
جبل الحسين,290,4,3,6,11,1,1,0,0,9,175503
أم أذينة,294,6,3,20,9,1,0,0,1,4,366995
الياسمين,324,5,2,11,9,1,1,0,0,6,205888
خلدا,183,3,1,1,11,1,1,0,1,10,254891
ماركا,286,4,2,1,1,0,1,1,0,3,211207
شفا بدران,225,4,1,2,5,1,1,0,0,3,153862
طبربور,208,4,1,31,11,1,1,0,0,5,114806
الهاشمي الشمالي,348,6,3,21,9,1,1,0,0,7,200241
الصويفية,286,6,3,5,7,1,1,0,1,4,414933
الجاردنز,283,4,1,21,5,1,1,0,1,5,275580
شفا بدران,158,3,2,5,8,1,1,0,0,8,101629
الهاشمي الشمالي,311,6,1,6,7,1,0,0,0,6,166544
شفا بدران,343,6,1,26,3,1,1,0,0,10,165997
الصويفية,242,3,3,15,0,0,0,0,1,3,184607
عبدون,266,4,3,10,11,1,0,0,1,5,397477
شفا بدران,245,3,2,23,1,0,1,0,0,1,109056
دير غبار,262,6,3,34,2,0,0,0,0,5,224837
شفا بدران,217,3,1,3,2,0,0,0,0,2,121598
تلاع العلي,232,4,3,22,7,1,1,0,0,2,183084
اللويبدة,276,6,3,4,2,0,0,0,0,5,273483
جبل الحسين,325,4,2,19,5,1,1,0,0,9,161927
الجبيهة,367,6,1,17,10,1,1,0,0,7,346340
المقابلين,154,3,1,22,8,1,1,0,0,9,82212
دير غبار,143,2,1,14,7,1,1,0,1,6,169628
أم السماق,288,4,2,13,1,0,1,0,1,4,284914
صويلح,138,2,2,11,7,1,1,0,0,6,103047
المقابلين,245,3,2,29,1,0,1,0,0,5,99089
خلدا,371,5,2,10,7,1,0,0,1,8,440508
الجاردنز,227,4,1,25,0,0,1,0,1,4,175872
شفا بدران,223,4,2,6,10,1,1,0,0,8,146497
ماركا,260,6,3,8,2,0,1,0,0,3,143212
خلدا,313,4,3,30,6,1,1,0,0,9,259198
أم أذينة,174,3,2,19,11,1,1,0,0,7,190358
تلاع العلي,347,4,1,29,2,0,0,0,0,2,193989
النصر,137,3,3,19,1,0,1,1,0,6,65402
تلاع العلي,131,2,1,19,2,0,1,0,1,5,111051
الهاشمي الشمالي,375,6,3,7,7,1,0,0,0,10,218148
الجبيهة,128,3,1,12,3,1,1,0,0,5,92066
تلاع العلي,83,1,1,23,7,1,1,0,0,7,58211
الياسمين,110,2,2,27,4,1,1,0,0,6,51201
تلاع العلي,207,4,3,22,0,0,1,0,0,1,143106
اللويبدة,392,6,2,33,8,1,1,0,0,6,289066
صويلح,255,5,3,11,7,1,1,0,0,1,205001
الياسمين,350,6,3,12,0,0,1,1,0,9,238313
الياسمين,297,6,1,17,8,1,1,0,0,6,198792
تلاع العلي,328,6,2,15,6,1,1,0,1,7,356966
الجاردنز,303,5,1,16,0,0,1,0,1,5,261104
جبل الحسين,156,3,2,13,5,1,1,0,0,4,85187
خلدا,151,3,1,31,10,1,0,0,1,6,108786
الجاردنز,199,4,1,29,2,0,1,0,1,3,126148
الجبيهة,305,5,1,7,6,1,1,0,0,8,275782
الياسمين,85,2,2,9,2,0,1,0,0,1,43687
صويلح,334,4,2,24,8,1,1,0,0,5,237394
الياسمين,92,1,1,19,3,0,1,0,0,1,34232
دير غبار,352,5,2,26,6,1,1,0,0,8,352876
دير غبار,190,3,1,27,8,1,1,0,1,7,203717
الجاردنز,289,6,1,29,6,1,0,0,0,2,201425
شفا بدران,173,4,1,20,4,1,1,0,0,7,97642
النصر,195,3,1,9,11,1,1,0,0,5,91488
عبدون,259,5,1,8,5,1,1,0,0,1,427367
المقابلين,177,4,1,31,11,1,1,0,0,1,76834
اللويبدة,151,3,2,11,0,0,0,1,0,8,109574
ماركا,218,3,3,30,0,0,1,1,0,1,80801
الصويفية,300,4,1,22,7,1,1,0,0,6,283541
النصر,181,3,1,7,8,1,1,0,0,1,86417
الشميساني,218,4,1,20,2,0,1,0,0,2,163714
طبربور,235,3,1,5,2,0,1,0,0,8,154473
الجاردنز,117,2,1,3,5,1,0,0,1,10,138707
أم أذينة,243,4,1,31,0,0,1,1,1,9,209954
أم أذينة,267,5,3,34,7,1,1,0,1,8,243691
عبدون,289,4,3,11,7,1,0,0,1,8,437885
الجبيهة,216,3,3,23,6,1,1,0,0,9,165609
الصويفية,146,3,2,8,9,1,1,0,0,4,183173
جبل الحسين,89,1,1,23,4,1,0,0,0,3,34349
أم أذينة,192,3,3,11,8,1,1,0,1,5,230311
دير غبار,254,5,3,30,1,0,0,1,0,4,237117
تلاع العلي,211,3,3,0,5,1,1,0,1,9,277191
طبربور,228,3,1,21,4,1,1,0,0,1,112900
جبل الحسين,332,6,2,14,8,1,1,0,0,5,193133
طبربور,149,2,2,22,3,1,1,0,0,2,70831
طبربور,306,5,3,2,7,1,0,0,0,2,226575
أم أذينة,259,4,3,10,4,1,1,0,0,10,343003
ماركا,390,4,3,28,4,0,0,0,0,9,186662
النصر,81,1,1,29,10,1,1,0,0,7,27385
طبربور,299,5,2,8,6,1,1,0,0,10,235262
الشميساني,241,3,3,24,11,1,1,0,0,1,177305
الهاشمي الشمالي,119,2,2,0,0,0,1,0,0,9,64340
جبل الحسين,261,5,1,14,0,0,1,0,0,6,119476
النصر,287,5,3,16,0,0,1,0,0,6,113646
أم أذينة,224,4,1,13,5,1,0,0,1,3,234637
خلدا,318,4,3,26,0,0,1,0,0,5,216947
عبدون,139,3,1,21,9,1,1,0,1,1,178862
الصويفية,105,2,1,25,3,0,0,0,1,6,75117
الهاشمي الشمالي,321,5,1,13,6,1,0,0,0,7,170424
أم أذينة,142,2,2,34,0,0,1,0,1,3,91975
الجبيهة,179,3,2,23,0,0,1,0,0,7,98817
ماركا,144,2,1,5,9,1,0,0,0,5,81392
الهاشمي الشمالي,318,5,3,15,11,1,1,0,0,4,171229
جبل الحسين,363,4,2,30,2,0,1,0,0,6,125053
طبربور,350,6,3,8,6,1,1,0,0,2,283172
الشميساني,182,4,1,15,2,0,1,0,0,10,151239
ماركا,276,4,1,33,10,1,1,0,0,7,141256
أم أذينة,201,3,2,3,6,1,1,0,1,6,258694
الياسمين,225,3,2,31,8,1,0,0,0,5,101253
الصويفية,85,2,2,2,9,1,0,0,0,1,98995
النصر,376,6,1,31,5,1,1,0,0,8,164160
شفا بدران,101,2,2,10,10,1,1,0,0,10,57488
النصر,395,6,2,32,1,0,0,0,0,1,116749
تلاع العلي,358,5,3,4,3,1,0,0,0,7,389787
الجبيهة,316,6,1,9,9,1,1,0,0,9,330123
الياسمين,173,3,3,24,2,0,1,0,0,4,69979
الجاردنز,345,6,3,10,4,1,1,0,1,5,428045
صويلح,288,5,2,11,8,1,1,0,0,10,279378
جبل الحسين,351,4,3,17,2,0,1,0,0,5,163715
أم السماق,223,4,1,11,11,1,1,0,1,4,279416
شفا بدران,209,4,3,26,10,1,0,0,0,8,113618
اللويبدة,142,3,1,16,0,0,1,0,0,8,95594
ماركا,87,1,1,15,3,1,0,0,0,6,42743
اللويبدة,155,3,2,22,9,1,1,0,0,7,107967
ماركا,203,3,1,28,2,0,1,0,0,4,88758
أم أذينة,354,4,2,20,4,1,1,0,1,7,367779
الهاشمي الشمالي,227,3,2,1,5,1,1,0,0,2,115917
ماركا,109,2,2,22,1,0,1,1,0,6,50941
صويلح,101,3,3,8,6,1,1,0,0,3,73169
النصر,149,3,3,14,8,1,0,0,0,4,70819
الجاردنز,129,3,1,19,6,1,1,0,1,5,103016
دير غبار,379,5,1,8,9,1,1,0,1,7,530376
الجبيهة,238,4,3,20,2,0,1,0,0,5,165405
ماركا,266,5,2,1,11,1,0,0,0,8,207125
الجاردنز,223,4,2,30,10,1,1,0,1,8,200347
جبل الحسين,83,1,1,11,0,0,0,0,0,1,30287
شفا بدران,126,3,1,6,1,0,1,0,0,10,83349
المقابلين,187,3,2,10,7,1,1,0,0,2,103762
الياسمين,274,6,2,26,0,0,0,0,0,6,116581
أم أذينة,223,4,2,29,3,0,1,0,0,6,169281
اللويبدة,175,3,2,32,7,1,1,0,0,9,115934
المقابلين,382,4,2,15,5,1,1,0,0,9,234540
شفا بدران,362,4,2,31,9,1,1,0,0,9,193998
أم أذينة,152,4,2,8,9,1,1,0,0,9,198224
الجبيهة,355,6,2,0,2,0,1,0,0,4,296391
أم السماق,238,3,2,1,11,1,1,0,1,5,303942
الهاشمي الشمالي,204,3,1,9,4,0,1,0,0,2,87126
شفا بدران,241,4,2,11,5,1,1,0,0,8,164943
أم السماق,252,5,2,15,3,0,1,0,0,8,258326
النصر,243,4,2,2,6,1,1,0,0,5,143294
ماركا,183,3,2,30,5,1,1,0,0,1,80696
تلاع العلي,221,3,3,31,11,1,1,0,1,1,175166
جبل الحسين,123,3,1,26,3,0,1,0,0,7,49187
أم السماق,285,6,3,32,4,1,0,0,0,3,198134
الياسمين,162,4,2,22,7,1,1,0,0,4,81611
النصر,280,4,2,24,5,1,1,0,0,2,113950
الصويفية,298,4,3,0,3,1,1,0,1,7,378567
اللويبدة,133,3,3,28,5,1,1,0,0,10,83165
خلدا,99,2,2,0,9,1,0,0,0,5,107580
صويلح,273,4,2,7,2,0,1,0,0,1,193207
المقابلين,242,3,3,11,3,1,1,0,0,4,138808
جبل الحسين,339,6,2,18,5,1,0,0,0,9,163876
الهاشمي الشمالي,131,2,1,21,10,1,1,0,0,3,54391
أم السماق,279,5,2,25,6,1,1,0,0,9,229058
الجبيهة,290,6,3,11,6,1,1,0,0,10,258708
صويلح,90,2,2,18,5,1,1,0,0,4,53904
تلاع العلي,299,4,3,7,10,1,1,0,1,4,365472
الياسمين,342,6,3,3,8,1,1,0,0,10,288084
شفا بدران,219,3,3,23,8,1,0,0,0,9,120678
عبدون,133,2,2,3,10,1,0,0,0,1,203029
الجاردنز,201,3,2,22,6,1,0,0,1,2,156866
الياسمين,392,5,1,28,2,0,1,0,0,1,158169
الصويفية,114,3,1,2,3,1,1,0,1,8,171718
صويلح,185,3,3,22,8,1,1,0,0,10,135952
شفا بدران,289,4,1,9,9,1,1,0,0,9,204328
الصويفية,385,5,3,32,0,0,1,0,0,5,288956
دير غبار,83,1,1,25,3,1,1,0,1,1,66832
شفا بدران,257,4,1,34,7,1,0,0,0,8,111957
الجاردنز,323,6,3,26,8,1,1,0,1,2,262194
النصر,95,1,1,30,3,1,0,0,0,5,26898
خلدا,383,5,2,3,5,1,1,0,1,2,489726
جبل الحسين,301,5,2,6,0,0,1,0,0,10,182116
الهاشمي الشمالي,169,3,2,5,11,1,1,0,0,8,112503
اللويبدة,98,1,1,30,4,1,1,0,0,9,66156
المقابلين,308,5,2,26,6,1,1,0,0,9,165023
الصويفية,326,4,1,14,1,0,0,1,1,4,301501
دير غبار,251,5,2,2,6,1,1,0,0,2,343158
خلدا,265,4,3,30,9,1,1,0,1,4,211430
طبربور,275,4,2,28,7,1,1,0,0,6,138048
الشميساني,213,4,1,20,6,1,1,0,0,7,186033
أم أذينة,299,6,3,8,9,1,1,0,1,6,398999
صويلح,294,4,2,31,10,1,1,0,0,10,182793
جبل الحسين,350,6,1,2,2,0,0,0,0,10,189973
أم أذينة,114,3,3,12,2,0,1,0,1,3,117365
صويلح,201,4,3,3,2,0,1,0,0,5,136183
الهاشمي الشمالي,215,3,1,2,8,1,1,0,0,5,118599
تلاع العلي,94,1,1,33,8,1,1,0,0,6,63662
الهاشمي الشمالي,80,2,2,15,7,1,1,0,0,8,39321
الياسمين,385,4,1,25,8,1,1,0,0,4,184189
دير غبار,250,5,3,4,10,1,1,0,1,9,380959
عبدون,220,3,2,27,1,0,0,1,1,9,229813
عبدون,135,2,2,8,7,1,1,0,1,4,209180
خلدا,147,3,1,33,2,0,1,0,0,10,105494
الشميساني,359,6,2,12,4,0,1,0,0,9,306783
أم السماق,145,3,3,11,1,0,0,0,1,9,142629
الجاردنز,226,3,3,25,5,1,0,0,0,8,166153
تلاع العلي,130,2,2,21,6,1,0,0,0,8,110938
شفا بدران,155,3,3,32,2,0,0,0,0,4,59194
الجبيهة,256,4,2,34,1,0,1,1,0,3,135379
ماركا,373,4,2,22,11,1,1,0,0,6,190004
الجاردنز,107,3,3,7,11,1,1,0,0,7,128325
الجبيهة,164,4,1,24,8,1,1,0,0,1,105584
طبربور,194,4,3,22,10,1,1,0,0,2,116959
خلدا,304,4,1,22,10,1,1,0,0,2,249431
جبل الحسين,382,6,2,6,1,0,0,0,0,4,205061
شفا بدران,216,3,1,30,4,1,0,0,0,10,94309
خلدا,380,4,1,22,3,1,1,0,1,5,398823
تلاع العلي,171,3,1,1,8,1,0,0,1,10,186113
جبل الحسين,213,3,1,5,10,1,1,0,0,2,131352
ماركا,304,6,2,23,2,0,1,0,0,1,136115
خلدا,205,3,2,24,1,0,0,0,0,3,155954
النصر,104,3,2,8,0,0,1,0,0,10,45039
عبدون,315,6,2,33,8,1,1,0,0,6,385931
المقابلين,149,3,1,30,9,1,0,0,0,10,64114
طبربور,323,5,1,8,3,1,0,0,0,8,247047
الجاردنز,216,4,1,15,2,0,1,0,0,9,210676
الياسمين,326,4,3,17,1,0,1,0,0,4,177923
عبدون,268,6,1,7,2,0,1,0,1,9,421317
خلدا,346,6,1,12,3,1,1,0,1,8,419449
الهاشمي الشمالي,116,3,1,6,1,0,1,1,0,6,63304
أم أذينة,358,6,3,20,6,1,0,0,0,10,432875
دير غبار,302,4,3,19,11,1,1,0,0,7,333447
اللويبدة,209,3,1,27,9,1,1,0,0,7,150011
ماركا,265,6,2,10,5,1,1,0,0,4,189216
الهاشمي الشمالي,293,6,3,15,7,1,0,0,0,9,154959
أم أذينة,296,6,3,13,0,0,1,0,0,3,343602
خلدا,86,2,2,24,5,1,1,0,1,8,82856
أم أذينة,289,6,2,16,6,1,1,0,1,10,411892
الجاردنز,85,2,2,22,5,1,0,0,1,9,61687
شفا بدران,253,6,2,33,11,1,0,0,0,3,101272
أم السماق,268,5,3,25,4,0,1,0,1,6,232673
أم السماق,301,6,3,19,5,1,1,0,1,7,291390
الشميساني,236,3,2,3,2,0,0,0,0,3,183831
الشميساني,183,3,3,0,10,1,0,0,1,6,183116
الجبيهة,166,3,3,10,9,1,1,0,0,5,144534
أم أذينة,142,3,1,16,2,0,1,0,1,5,162934
أم أذينة,82,2,2,34,3,1,1,0,0,1,56175
جبل الحسين,195,3,2,13,1,0,0,0,0,6,81344
الصويفية,129,3,3,7,2,0,1,0,1,9,137186
الصويفية,268,5,1,12,0,0,0,0,0,2,234819
عبدون,315,5,1,28,1,0,0,0,0,2,305808
خلدا,271,4,1,13,7,1,1,0,0,6,284836
ماركا,168,4,2,28,3,0,0,0,0,5,68062
الجبيهة,101,2,1,15,1,0,1,0,0,10,73824
صويلح,352,5,3,1,3,0,1,0,0,5,296340
دير غبار,160,3,1,4,4,0,1,0,1,4,177195
طبربور,386,4,1,8,4,0,1,0,0,10,253120
اللويبدة,344,6,2,21,5,1,1,0,0,2,246850
أم أذينة,330,5,1,17,6,1,0,0,0,1,312824
جبل الحسين,80,2,1,17,10,1,1,0,0,1,37778
الجاردنز,184,3,2,15,1,0,1,0,1,7,171843
تلاع العلي,135,2,1,17,5,1,1,0,1,1,113830
خلدا,374,4,2,16,1,0,0,0,0,7,342805
صويلح,365,5,2,3,2,0,1,0,0,7,295542
عبدون,185,3,2,21,9,1,0,0,1,1,250169
اللويبدة,384,5,3,28,4,0,1,0,0,10,251409
الجاردنز,330,6,2,5,3,1,1,0,1,8,368809
خلدا,144,3,1,23,6,1,0,0,1,3,117728
المقابلين,264,6,3,29,5,1,1,0,0,4,127482
شفا بدران,121,3,1,30,1,0,1,0,0,7,54542
الصويفية,373,5,3,24,7,1,1,0,0,6,383600
جبل الحسين,136,3,2,34,1,0,1,0,0,1,43889
خلدا,277,4,1,0,10,1,1,0,0,5,390488
طبربور,140,3,2,15,11,1,1,0,0,1,94972
الجبيهة,271,6,1,22,6,1,0,0,0,5,180254
تلاع العلي,241,4,1,3,6,1,1,0,0,3,275366
الصويفية,204,3,1,11,5,1,1,0,1,6,251880
الهاشمي الشمالي,208,4,3,5,2,0,1,0,0,2,99335
تلاع العلي,176,3,3,25,6,1,1,0,1,10,164173
أم أذينة,115,2,2,26,8,1,1,0,1,5,102520
النصر,134,3,1,15,6,1,1,0,0,6,60786
الجبيهة,233,3,3,2,6,1,1,0,0,2,196453
صويلح,248,3,3,2,9,1,0,0,0,2,213198
اللويبدة,184,3,1,13,3,1,1,0,0,6,149390
عبدون,150,4,2,29,3,1,1,0,1,5,174104
الهاشمي الشمالي,288,4,2,11,7,1,1,0,0,9,166051
خلدا,141,2,1,1,3,0,0,0,1,2,151043
الجاردنز,350,4,3,21,9,1,1,0,0,1,319342
أم أذينة,104,2,2,23,7,1,1,0,1,8,107049
عبدون,295,4,1,1,8,1,0,0,1,8,525635
خلدا,352,4,2,29,7,1,1,0,1,10,337076
الصويفية,228,4,3,28,7,1,1,0,0,10,213691
جبل الحسين,353,5,1,17,0,0,1,0,0,9,177020
الياسمين,236,3,2,19,7,1,1,0,0,8,127619
أم السماق,187,3,1,14,10,1,1,0,0,5,204876
شفا بدران,105,2,2,25,11,1,0,0,0,1,44077
النصر,260,6,2,32,9,1,1,0,0,3,103316
الياسمين,155,3,3,2,10,1,1,0,0,1,107234
دير غبار,279,4,2,6,3,0,1,0,1,8,405392
المقابلين,397,4,1,24,9,1,1,0,0,6,205115
الهاشمي الشمالي,279,4,3,27,5,1,1,0,0,4,107523
صويلح,312,5,3,25,9,1,1,0,0,7,211951
صويلح,200,3,3,2,3,1,1,0,0,4,170496
طبربور,81,2,2,11,9,1,0,0,0,1,51395
النصر,295,5,2,25,4,0,1,0,0,4,99444
الشميساني,313,4,3,14,6,1,1,0,1,1,304453
جبل الحسين,209,4,3,2,6,1,1,0,0,8,138185
الصويفية,179,4,3,33,11,1,0,0,1,6,149108
دير غبار,357,5,3,29,4,1,1,0,1,3,330917
طبربور,127,2,2,19,10,1,1,0,0,5,69071
أم السماق,383,6,3,4,10,1,1,0,1,3,458057
صويلح,102,2,1,8,2,0,1,0,0,6,64260
عبدون,228,3,3,7,9,1,1,0,1,8,427289
خلدا,198,4,3,13,9,1,0,0,1,6,219254
الياسمين,317,5,1,9,9,1,0,0,0,1,169968
دير غبار,302,6,1,11,6,1,0,0,0,4,349406
المقابلين,185,3,2,3,1,0,1,0,0,5,93182
النصر,91,1,1,33,5,1,0,0,0,8,27009
أم السماق,346,6,1,11,8,1,1,0,0,2,387733
عبدون,218,4,1,9,4,0,1,0,0,4,286436
الصويفية,371,4,2,11,5,1,1,0,1,2,401239
صويلح,228,4,2,29,6,1,1,0,0,4,140849
جبل الحسين,214,3,1,25,5,1,1,0,0,6,79600
خلدا,123,3,2,5,0,0,1,0,1,3,128644
الياسمين,130,3,1,5,4,1,0,0,0,9,75234
الهاشمي الشمالي,368,6,2,27,8,1,1,0,0,4,186080
صويلح,383,5,3,9,8,1,1,0,0,4,309872
أم السماق,313,5,1,10,6,1,1,0,0,2,317873
أم السماق,311,5,3,28,6,1,1,0,1,8,308307
طبربور,337,5,3,32,4,1,1,0,0,2,169156
جبل الحسين,325,5,2,23,7,1,1,0,0,5,134359
النصر,256,6,2,25,3,0,1,0,0,1,97942
الياسمين,375,4,2,18,1,0,0,0,0,5,163627
الجاردنز,358,6,2,15,0,0,1,0,1,8,329714
أم أذينة,97,1,1,25,5,1,1,0,1,3,82600
الجبيهة,169,4,3,11,1,0,1,0,0,2,117194
الجاردنز,337,6,1,6,9,1,1,0,1,10,455286
عبدون,95,1,1,8,4,0,1,0,1,5,118755
أم السماق,387,4,1,14,9,1,1,0,0,8,461170
الهاشمي الشمالي,119,3,3,14,3,1,1,0,0,5,57945
جبل الحسين,90,2,2,22,4,1,1,0,0,1,39695
أم السماق,230,3,2,3,7,1,1,0,0,5,244082
عبدون,379,5,1,32,11,1,1,0,0,9,471461
أم السماق,323,5,3,4,1,0,1,0,0,2,350286
أم أذينة,185,3,2,13,10,1,1,0,1,10,241395
عبدون,260,4,3,7,4,1,1,0,1,3,394093
ماركا,222,4,3,4,2,0,0,0,0,6,126645
الصويفية,83,1,1,15,7,1,1,0,1,4,92129
الهاشمي الشمالي,177,4,1,2,8,1,1,0,0,5,104716
الشميساني,142,2,2,33,8,1,1,0,0,4,89924
طبربور,334,4,2,14,11,1,1,0,0,10,275037
خلدا,195,3,2,0,6,1,0,0,0,10,213318
النصر,330,6,3,25,0,0,1,0,0,6,134685
تلاع العلي,211,3,3,8,3,0,1,0,0,7,188480
الصويفية,128,3,3,30,7,1,1,0,1,3,106013
الشميساني,295,4,2,15,8,1,1,0,0,4,301884
طبربور,274,5,1,21,1,0,1,0,0,9,182145
الشميساني,203,3,3,20,7,1,1,0,1,4,183430
جبل الحسين,265,6,2,19,6,1,1,0,0,5,130398
الصويفية,224,4,1,12,2,0,0,0,0,2,190136
الهاشمي الشمالي,387,6,1,6,8,1,1,0,0,5,241908
الجاردنز,113,3,1,9,9,1,1,0,1,9,118585
ماركا,89,2,2,20,7,1,1,0,0,1,45514
الياسمين,310,5,1,29,4,1,0,0,0,1,112670
اللويبدة,148,3,1,30,3,0,1,0,0,8,86646
دير غبار,142,2,2,32,7,1,1,0,1,1,119322
النصر,122,2,2,9,5,1,1,0,0,9,68098
شفا بدران,298,4,3,15,7,1,1,0,0,7,156391
تلاع العلي,261,4,1,20,1,0,1,0,1,6,247551
ماركا,98,2,1,0,2,0,0,0,0,10,62005
خلدا,312,6,1,19,3,1,1,0,1,2,305019
أم أذينة,277,6,1,12,0,0,0,0,1,7,329611
الشميساني,354,6,3,19,8,1,1,0,0,1,279755
النصر,337,6,2,18,0,0,1,1,0,5,171427
الصويفية,325,6,3,16,6,1,0,0,1,4,324090
الصويفية,276,5,1,8,3,1,1,0,0,3,297110
اللويبدة,225,4,1,18,11,1,1,0,0,2,175032
ماركا,282,6,3,16,0,0,1,0,0,9,172384
جبل الحسين,267,4,3,21,10,1,0,0,0,3,112874
الشميساني,227,3,1,0,9,1,1,0,1,7,271580
طبربور,225,4,2,31,10,1,1,0,0,2,117892
الجبيهة,161,4,2,30,1,0,1,0,0,7,88571
الياسمين,117,2,2,8,10,1,1,0,0,9,70019
عبدون,334,6,3,17,4,1,1,0,0,4,528551
الياسمين,283,5,3,13,5,1,1,0,0,7,157718
الجاردنز,245,3,3,23,8,1,1,0,1,1,214190
الجبيهة,219,4,1,11,6,1,1,0,0,2,183676
أم أذينة,187,4,1,3,6,1,0,0,1,9,273921
الياسمين,331,6,3,33,5,1,1,0,0,2,143161
دير غبار,393,6,2,33,11,1,0,0,0,6,401137
المقابلين,82,2,2,9,2,0,1,0,0,3,35302
المقابلين,172,4,1,6,7,1,0,0,0,2,85919
تلاع العلي,310,4,2,18,4,1,0,0,0,10,251578
دير غبار,284,6,1,23,5,1,1,0,1,4,360389
الشميساني,338,4,1,34,7,1,1,0,0,9,245740
الصويفية,381,5,1,26,5,1,0,0,1,1,306622
شفا بدران,320,6,1,1,8,1,1,0,0,4,228141
جبل الحسين,250,6,2,21,10,1,1,0,0,7,143207
الشميساني,295,4,3,12,8,1,1,0,0,9,317172
طبربور,347,4,2,32,8,1,1,0,0,8,183910
تلاع العلي,207,3,3,2,7,1,1,0,1,5,239290
الشميساني,196,4,2,33,2,0,1,0,1,8,113816
عبدون,316,6,1,1,5,1,0,0,0,9,527755
عبدون,99,1,1,15,8,1,1,0,1,7,136935
الشميساني,124,2,2,22,10,1,1,0,0,6,93957
الشميساني,293,4,3,28,7,1,1,0,1,5,236923
النصر,368,5,2,4,6,1,0,0,0,2,196881
المقابلين,372,5,3,30,9,1,1,0,0,10,178056
صويلح,379,5,3,32,5,1,1,0,0,6,195462
اللويبدة,235,4,2,12,8,1,0,0,0,5,210088
أم أذينة,260,6,1,19,7,1,1,0,0,10,326300
الشميساني,207,3,2,4,6,1,1,0,1,2,232263
اللويبدة,303,5,3,18,8,1,1,0,0,6,275178
الجاردنز,258,6,2,2,7,1,1,0,1,4,327765
النصر,282,6,1,20,6,1,1,0,0,6,150525
خلدا,170,4,3,17,10,1,1,0,1,1,174687
الشميساني,370,6,3,0,8,1,1,0,1,6,492382
جبل الحسين,270,6,2,17,11,1,1,0,0,10,140764
تلاع العلي,337,5,2,30,9,1,1,0,1,2,261761
الياسمين,164,3,3,5,0,0,1,0,0,3,84941
المقابلين,297,4,1,25,5,1,0,0,0,10,131209
الهاشمي الشمالي,333,6,3,15,0,0,0,0,0,5,135831
خلدا,126,2,1,15,6,1,1,0,1,5,135896
أم السماق,234,4,2,24,10,1,1,0,1,8,214108
الجاردنز,196,3,2,20,7,1,1,0,0,3,163548
الجبيهة,327,5,2,30,1,0,1,0,0,9,197667
شفا بدران,344,6,2,25,9,1,1,0,0,6,176877
جبل الحسين,163,3,2,21,6,1,1,0,0,7,72061
الياسمين,172,4,2,27,5,1,1,0,0,5,76153
طبربور,152,3,3,26,7,1,1,0,0,10,85150
خلدا,384,6,3,28,4,0,0,0,1,10,301602
جبل الحسين,243,3,3,1,8,1,1,0,0,9,170439
خلدا,208,3,2,24,5,1,1,0,1,3,184805
الياسمين,393,5,1,1,9,1,1,0,0,10,320197
الجبيهة,81,2,2,19,6,1,0,0,0,8,51305
الشميساني,144,2,1,0,4,0,1,0,1,4,152601
أم السماق,184,3,3,10,7,1,1,0,0,6,194496
النصر,380,5,1,0,7,1,1,0,0,10,259781
ماركا,107,3,3,16,2,0,1,0,0,6,61243
طبربور,350,4,2,10,0,0,0,0,0,10,204863
صويلح,378,4,3,12,9,1,1,0,0,2,316971
المقابلين,376,5,2,22,6,1,1,0,0,7,211730
الجاردنز,86,1,1,32,4,0,1,0,0,2,51502
الصويفية,211,4,2,31,11,1,1,0,0,1,170631
دير غبار,114,3,2,24,9,1,1,0,1,3,130785
النصر,207,3,2,23,10,1,1,0,0,4,94243
خلدا,243,4,1,17,1,0,1,1,0,9,239836
تلاع العلي,145,2,2,28,5,1,1,0,1,10,115872
عبدون,267,6,3,8,0,0,0,0,0,5,338919
عبدون,255,5,2,32,2,0,1,0,0,10,288085
صويلح,81,1,1,18,10,1,1,0,0,5,56122
طبربور,219,3,3,13,6,1,1,0,0,3,141178
الهاشمي الشمالي,185,4,2,16,4,1,1,0,0,10,105675
دير غبار,179,4,1,28,1,0,1,0,0,9,156207
الصويفية,199,4,1,14,3,1,1,0,1,2,215762
الياسمين,251,6,3,13,2,0,1,0,0,3,148856
تلاع العلي,399,5,1,17,9,1,1,0,0,4,426044
الصويفية,392,5,1,3,6,1,1,0,1,1,563808
خلدا,372,5,1,4,8,1,1,0,1,10,490919
النصر,205,3,2,11,2,0,0,0,0,10,88997
الصويفية,365,4,2,1,2,0,1,0,1,4,435234
النصر,220,3,3,22,8,1,1,0,0,2,82036
المقابلين,376,6,3,1,1,0,1,0,0,5,233139
ماركا,379,5,3,24,1,0,1,0,0,5,184496
الياسمين,334,5,2,2,2,0,1,0,0,10,231376
الياسمين,132,3,3,11,0,0,1,0,0,4,65990
أم أذينة,225,3,2,21,4,1,1,0,1,2,217428
خلدا,109,3,2,8,2,0,1,0,1,4,116444
أم أذينة,354,4,3,14,7,1,0,0,0,3,329093
الجاردنز,119,3,2,26,2,0,1,0,1,2,72301
الشميساني,246,4,1,32,2,0,1,0,0,5,158600
أم السماق,95,1,1,25,11,1,1,0,0,8,72849
الجبيهة,299,4,1,25,4,1,0,0,0,6,200067
دير غبار,240,3,3,32,10,1,0,0,1,2,192151
الجبيهة,365,5,1,32,9,1,1,0,0,1,198615
النصر,213,4,2,23,1,0,1,0,0,9,85929
صويلح,352,6,2,28,9,1,0,0,0,6,236352
طبربور,325,5,2,11,2,0,1,0,0,6,235701
شفا بدران,183,4,1,12,4,1,1,0,0,9,106610
الياسمين,262,6,1,14,3,1,1,0,0,2,165504
أم السماق,305,6,2,33,2,0,0,0,1,6,208313
دير غبار,199,3,2,18,2,0,1,0,1,2,222713
الصويفية,212,3,3,29,3,1,1,0,1,5,204184
شفا بدران,171,3,1,17,11,1,1,0,0,9,97557
صويلح,252,6,2,10,6,1,1,0,0,10,205946
خلدا,222,4,3,15,9,1,1,0,1,1,260371
شفا بدران,143,2,2,23,6,1,1,0,0,2,67246
الجبيهة,311,5,1,2,9,1,1,0,0,9,292003
المقابلين,373,6,1,0,4,1,1,0,0,10,254927
جبل الحسين,123,3,1,16,10,1,1,0,0,8,61665
الجبيهة,155,3,2,21,6,1,1,0,0,5,100442
النصر,346,4,3,26,0,0,0,0,0,2,109054
الجاردنز,240,3,2,27,11,1,1,0,1,7,189626
خلدا,184,3,3,1,6,1,1,0,1,5,245414
دير غبار,259,4,1,28,3,0,1,0,1,6,251737
الياسمين,104,3,1,31,9,1,1,0,0,6,43935
أم أذينة,304,4,3,4,2,0,1,0,0,9,345373
الجبيهة,370,5,1,33,5,1,0,0,0,7,199329
الجاردنز,254,5,3,19,4,1,1,0,1,8,265866
أم أذينة,240,4,2,19,11,1,1,0,1,2,254820
الياسمين,284,4,2,24,7,1,0,0,0,9,124488
الياسمين,257,4,3,31,1,0,1,0,0,4,89297
طبربور,293,4,2,23,1,0,1,0,0,1,141597
عبدون,83,2,1,15,2,0,1,0,1,10,118327
النصر,230,3,2,14,0,0,1,1,0,1,101780
الهاشمي الشمالي,358,4,3,16,9,1,1,0,0,4,191039
الجبيهة,260,6,1,17,6,1,0,0,0,1,201080
الجاردنز,97,1,1,31,5,1,1,0,1,1,67563
النصر,199,3,2,19,8,1,1,0,0,4,99572
شفا بدران,90,1,1,29,0,0,0,1,0,7,31800
الجاردنز,95,2,2,11,2,0,0,0,0,1,73422
اللويبدة,307,4,1,5,7,1,1,0,0,4,305675
الصويفية,216,4,1,2,3,0,0,0,0,6,227584
ماركا,134,2,1,5,1,0,0,0,0,10,84196
تلاع العلي,261,6,2,30,7,1,1,0,0,10,209795
تلاع العلي,311,5,1,26,8,1,0,0,1,4,266897
جبل الحسين,116,3,1,34,7,1,1,0,0,4,42116
شفا بدران,165,3,2,27,2,0,1,0,0,1,68954
المقابلين,179,4,3,18,11,1,1,0,0,5,89487
المقابلين,108,3,3,25,11,1,1,0,0,2,49438
ماركا,323,5,2,22,10,1,1,0,0,10,202407
المقابلين,273,6,1,10,4,1,1,0,0,2,148172
جبل الحسين,129,3,2,9,2,0,0,0,0,9,68014
خلدا,270,6,1,13,7,1,1,0,1,7,301764
الجبيهة,250,6,3,21,4,1,1,0,0,4,177397
النصر,385,6,1,4,3,1,1,0,0,8,232132
الشميساني,180,3,2,17,0,0,1,0,0,8,139841
خلدا,122,2,2,5,5,1,1,0,1,3,147051
المقابلين,91,1,1,1,6,1,1,0,0,1,49786
الجبيهة,301,5,2,16,5,1,1,0,0,3,208391
تلاع العلي,362,5,1,23,5,1,1,0,0,2,338421
صويلح,282,5,2,23,0,0,1,0,0,2,164992
أم السماق,392,6,3,22,4,1,1,0,0,2,354154
الصويفية,313,6,1,27,10,1,1,0,1,2,298817
ماركا,299,5,2,7,3,1,1,0,0,4,216405
الهاشمي الشمالي,384,5,2,7,6,1,1,0,0,10,223012
عبدون,305,6,3,27,6,1,0,0,0,7,337630
دير غبار,132,3,2,3,9,1,1,0,0,2,173461
اللويبدة,86,2,1,2,11,1,0,0,0,10,93834
دير غبار,162,4,3,2,6,1,1,0,1,7,258001
دير غبار,369,5,3,8,2,0,1,0,1,2,422457
النصر,252,5,1,13,11,1,1,0,0,9,140630
الجاردنز,198,3,3,9,3,1,1,0,0,3,167119
اللويبدة,363,4,3,13,0,0,1,0,0,10,286225
طبربور,101,2,1,17,10,1,1,0,0,2,53729
الجبيهة,341,6,3,28,10,1,0,0,0,2,239429
الشميساني,337,4,1,9,1,0,0,1,1,7,349345
شفا بدران,325,4,3,5,11,1,1,0,0,8,250256
صويلح,234,3,3,32,7,1,1,0,0,5,109832
النصر,343,4,2,33,8,1,1,0,0,8,139549
تلاع العلي,321,6,3,19,1,0,1,0,1,9,295176
أم السماق,269,6,2,23,1,0,1,0,0,6,244337
دير غبار,87,1,1,34,0,0,1,0,0,6,59719
جبل الحسين,298,5,3,16,0,0,1,0,0,4,136638
شفا بدران,300,4,1,28,4,1,0,0,0,10,145281
خلدا,345,5,3,12,0,0,1,0,1,4,326221
النصر,381,5,1,2,10,1,1,0,0,10,224327
جبل الحسين,256,4,3,25,6,1,0,0,0,8,98996
الجبيهة,135,3,1,29,11,1,1,0,0,8,79540
المقابلين,259,6,2,22,3,0,1,0,0,4,107269
ماركا,101,2,2,32,9,1,1,0,0,7,45649
صويلح,207,3,3,25,7,1,0,0,0,9,120350
الجبيهة,371,4,1,1,1,0,1,0,0,8,328407
النصر,355,5,1,8,6,1,1,0,0,8,206302
عبدون,349,6,1,12,6,1,1,0,0,5,568090
النصر,308,5,3,4,11,1,0,0,0,9,190951
دير غبار,126,2,2,31,2,0,1,0,0,7,94806
الصويفية,165,4,1,26,0,0,1,0,0,1,135398
المقابلين,317,5,3,7,6,1,1,0,0,10,207245
المقابلين,143,2,2,28,1,0,1,0,0,4,57577
تلاع العلي,287,6,2,28,8,1,0,0,0,4,206326
الهاشمي الشمالي,379,6,1,14,8,1,1,0,0,7,223353
تلاع العلي,175,3,3,17,5,1,1,0,1,10,192069
ماركا,195,3,2,4,1,0,1,0,0,8,131843
ماركا,323,5,3,9,7,1,1,0,0,9,229611
خلدا,171,4,3,19,4,0,1,0,0,7,138364
أم أذينة,266,4,2,21,7,1,1,0,1,4,252622
جبل الحسين,118,2,2,33,10,1,1,0,0,6,42979
ماركا,366,6,2,33,1,0,1,0,0,7,144921
ماركا,397,6,2,6,5,1,1,0,0,9,318340
الصويفية,291,5,1,29,0,0,1,0,1,10,248369
جبل الحسين,124,3,3,22,9,1,1,0,0,6,61366
صويلح,269,6,2,16,7,1,0,0,0,8,200573
اللويبدة,292,6,3,17,4,1,1,0,0,3,240270
شفا بدران,382,5,2,11,9,1,1,0,0,7,252847
عبدون,208,3,1,23,6,1,1,0,0,9,245045
طبربور,313,4,1,29,6,1,1,0,0,1,171967
اللويبدة,359,6,1,11,2,0,1,0,0,4,323711
خلدا,220,3,3,23,0,0,1,1,1,2,191154
صويلح,238,3,2,12,1,0,1,0,0,7,178859
الهاشمي الشمالي,154,4,3,3,10,1,0,0,0,2,97814
جبل الحسين,156,3,1,20,11,1,1,0,0,3,64160
أم أذينة,156,3,2,10,7,1,1,0,1,6,171957
صويلح,150,3,3,18,5,1,1,0,0,7,107064
المقابلين,265,5,1,27,6,1,0,0,0,9,108777
النصر,206,3,3,5,1,0,1,0,0,10,104278
أم السماق,131,2,2,13,10,1,1,0,0,1,108620
الهاشمي الشمالي,172,4,1,25,4,1,1,0,0,1,68064
اللويبدة,232,4,3,21,4,1,1,0,0,4,168149
تلاع العلي,228,3,2,24,9,1,1,0,0,7,199126
خلدا,240,4,1,20,7,1,0,0,0,4,203471
أم أذينة,87,2,2,24,2,0,1,0,0,1,75149
شفا بدران,165,4,2,17,5,1,1,0,0,1,85940
جبل الحسين,368,4,2,12,10,1,1,0,0,9,210905
الجبيهة,231,3,3,29,2,0,1,0,0,1,116448
أم السماق,136,2,2,33,9,1,0,0,0,10,88023
ماركا,295,6,3,22,10,1,1,0,0,10,194326
الجبيهة,372,5,1,5,1,0,1,0,0,6,327447
صويلح,232,3,3,25,7,1,1,0,0,3,126774
الصويفية,332,5,2,34,9,1,1,0,1,1,298128
خلدا,115,3,2,10,11,1,0,0,1,10,142210
أم أذينة,218,4,3,32,1,0,1,1,1,9,208652
عبدون,231,3,3,9,11,1,1,0,1,2,389243
تلاع العلي,338,6,3,5,2,0,1,0,1,8,370981
الهاشمي الشمالي,350,4,2,6,1,0,1,0,0,2,169267
خلدا,167,4,2,25,6,1,0,0,1,6,129981
اللويبدة,212,3,1,33,7,1,1,0,0,1,127602
أم أذينة,292,4,3,20,7,1,1,0,1,4,304577
النصر,357,5,1,29,0,0,1,1,0,8,146140
خلدا,282,6,3,12,7,1,0,0,1,8,358706
خلدا,273,5,2,0,0,0,1,0,0,3,259105
الجاردنز,108,2,1,27,10,1,0,0,0,3,66619
الجاردنز,266,5,2,11,9,1,0,0,1,10,318826
صويلح,135,2,2,1,0,0,1,1,0,8,111478
دير غبار,387,6,1,21,1,0,0,0,0,1,390434
المقابلين,132,2,1,3,8,1,1,0,0,9,84670
الشميساني,225,4,2,8,5,1,1,0,0,3,226244
طبربور,318,6,1,15,0,0,1,0,0,3,168077
أم أذينة,290,5,1,16,9,1,1,0,1,6,359688
المقابلين,240,4,2,19,11,1,1,0,0,2,107648
صويلح,281,4,1,24,1,0,1,0,0,8,182713
النصر,112,3,3,8,11,1,1,0,0,3,63071
شفا بدران,204,4,1,20,8,1,0,0,0,3,101890
الشميساني,184,4,2,22,6,1,0,0,0,8,127784
الصويفية,360,6,1,5,6,1,1,0,0,2,507895
الصويفية,139,2,1,32,2,0,1,0,1,6,90414
تلاع العلي,248,4,1,13,3,1,1,0,1,4,258777
الجاردنز,87,2,1,27,3,0,1,0,0,6,58662
المقابلين,386,5,2,28,1,0,0,0,0,10,142156
دير غبار,336,6,1,0,3,0,1,0,1,4,535752
طبربور,184,4,2,32,1,0,1,0,0,7,91325
عبدون,261,4,1,0,4,1,1,0,1,1,424891
أم أذينة,102,3,1,16,0,0,0,0,1,2,80518
الياسمين,218,4,2,31,2,0,0,0,0,1,80113
ماركا,89,2,1,12,10,1,1,0,0,2,55289
أم السماق,109,2,1,10,3,1,1,0,0,9,112653
الجبيهة,211,4,2,24,2,0,1,0,0,9,146401
النصر,369,6,2,29,5,1,0,0,0,6,133948
طبربور,273,5,1,7,1,0,0,0,0,5,169894
المقابلين,125,2,2,18,5,1,1,0,0,5,56673
ماركا,356,5,1,9,1,0,1,0,0,10,233063
أم السماق,194,3,2,3,5,1,1,0,0,4,198361
الهاشمي الشمالي,224,3,1,5,10,1,0,0,0,9,146002
الياسمين,207,3,2,21,8,1,1,0,0,3,112150
الهاشمي الشمالي,248,4,3,12,8,1,1,0,0,2,127325
ماركا,152,4,1,34,8,1,1,0,0,5,65990
دير غبار,394,4,2,31,5,1,1,0,1,8,412853
الياسمين,184,3,1,9,6,1,1,0,0,4,105898
جبل الحسين,217,3,3,13,5,1,1,0,0,1,93381
جبل الحسين,332,4,3,28,1,0,0,0,0,4,110665
الياسمين,389,6,2,17,8,1,1,0,0,3,250763
أم أذينة,215,3,3,2,11,1,1,0,1,6,292649
تلاع العلي,221,3,1,29,4,0,1,0,0,5,131518
المقابلين,355,6,1,10,3,0,0,0,0,8,203312
تلاع العلي,251,5,3,29,11,1,1,0,0,5,224164
خلدا,218,3,1,8,3,1,1,0,0,9,260091
الهاشمي الشمالي,335,5,2,12,6,1,1,0,0,10,180732
الشميساني,290,4,1,12,9,1,1,0,0,5,276241
الهاشمي الشمالي,284,5,1,32,3,1,1,0,0,1,113585
صويلح,237,4,1,15,1,0,1,0,0,1,144610
اللويبدة,343,6,1,11,3,1,1,0,0,5,307815
طبربور,128,2,2,32,10,1,1,0,0,2,56200
الصويفية,358,5,2,32,6,1,1,0,1,4,277607
أم السماق,143,3,2,10,8,1,1,0,1,4,167734
الهاشمي الشمالي,392,6,2,21,3,1,1,0,0,1,204339
دير غبار,125,2,2,22,4,0,1,0,0,7,103539
أم أذينة,87,2,2,14,0,0,1,0,1,6,89575
أم أذينة,389,5,2,17,2,0,0,0,0,10,390902
أم أذينة,190,3,3,26,10,1,1,0,1,1,175760
طبربور,162,3,1,14,2,0,1,0,0,5,85555
المقابلين,237,4,1,2,8,1,1,0,0,10,156405
دير غبار,209,3,3,20,8,1,1,0,1,3,261594
شفا بدران,288,5,1,17,2,0,0,0,0,9,157083
المقابلين,390,4,3,3,0,0,1,0,0,8,202865
النصر,207,3,2,19,8,1,1,0,0,2,101044
النصر,308,6,1,11,4,0,0,0,0,9,150712
الجاردنز,280,5,2,24,2,0,1,0,1,4,235206
أم أذينة,93,1,1,24,10,1,1,0,0,8,96799
طبربور,184,3,3,22,8,1,0,0,0,6,104104
عبدون,223,3,2,13,0,0,1,0,0,10,321819
اللويبدة,286,5,3,15,7,1,1,0,0,7,243937
جبل الحسين,151,4,2,26,9,1,1,0,0,3,65093
الشميساني,102,3,2,28,0,0,0,1,1,4,66120
طبربور,303,4,1,25,0,0,1,0,0,7,144634
ماركا,239,4,3,12,11,1,1,0,0,2,154950
المقابلين,231,3,3,21,9,1,1,0,0,9,135376
المقابلين,152,4,1,16,11,1,1,0,0,10,92266
جبل الحسين,333,4,2,5,7,1,1,0,0,5,214012
طبربور,133,3,3,30,6,1,1,0,0,10,73077
الجبيهة,89,2,1,27,4,1,1,0,0,7,49259
شفا بدران,378,6,1,11,3,1,1,0,0,9,228101
الياسمين,171,3,3,21,7,1,0,0,0,3,75725
الجاردنز,301,4,2,17,6,1,0,0,0,2,243312
صويلح,109,2,2,31,5,1,0,0,0,10,61737
الشميساني,344,6,3,8,9,1,0,0,1,3,380260
الجبيهة,356,6,2,31,8,1,1,0,0,3,237518
الياسمين,175,4,2,20,0,0,1,0,0,4,80291
جبل الحسين,302,4,2,33,2,0,1,0,0,6,98106
تلاع العلي,105,3,1,8,10,1,0,0,1,5,120451
الشميساني,277,5,2,23,10,1,0,0,0,3,211490
النصر,298,5,3,23,9,1,1,0,0,8,140508
الصويفية,352,4,1,28,3,1,1,0,1,10,341741
النصر,190,4,1,24,0,0,0,1,0,6,71968
دير غبار,178,3,1,17,5,1,1,0,0,1,173223
جبل الحسين,275,4,1,14,7,1,1,0,0,6,156882
المقابلين,135,2,2,9,5,1,0,0,0,1,72148
جبل الحسين,365,4,3,30,6,1,1,0,0,3,134785
ماركا,329,6,2,22,7,1,1,0,0,6,174661
المقابلين,362,6,1,16,3,1,1,0,0,7,231094
أم السماق,328,6,2,12,10,1,0,0,1,10,435908
الجبيهة,359,4,1,3,0,0,1,0,0,8,288886
تلاع العلي,287,4,1,9,8,1,0,0,0,9,319897
الشميساني,349,5,1,14,1,0,0,0,0,8,312328
النصر,278,5,3,29,10,1,0,0,0,7,120707
ماركا,361,4,1,0,10,1,1,0,0,2,291245
صويلح,153,3,2,16,3,1,1,0,0,8,96613
شفا بدران,319,4,1,8,10,1,0,0,0,6,217526
جبل الحسين,277,4,2,30,5,1,1,0,0,5,100245
الشميساني,207,3,2,4,9,1,1,0,1,4,205170
تلاع العلي,143,2,2,9,1,0,0,1,0,1,115053
عبدون,139,2,1,0,0,0,0,0,1,6,174733
المقابلين,138,3,1,29,8,1,1,0,0,1,62136
الياسمين,135,2,1,23,5,1,1,0,0,9,58791
جبل الحسين,336,5,2,2,0,0,0,0,0,3,163587
أم السماق,81,1,1,16,0,0,0,1,1,4,60014
الصويفية,122,2,2,3,0,0,1,0,0,2,108650
الهاشمي الشمالي,249,3,1,15,10,1,1,0,0,7,117238
صويلح,359,4,2,15,1,0,0,0,0,1,199014
النصر,280,5,1,24,11,1,1,0,0,3,113431
الهاشمي الشمالي,153,3,2,30,10,1,1,0,0,9,60629
صويلح,306,4,1,20,9,1,1,0,0,7,241152
شفا بدران,387,6,1,30,10,1,1,0,0,4,186551
اللويبدة,389,6,3,16,10,1,1,0,0,3,345273
أم السماق,196,3,3,26,4,1,1,0,1,1,135928
النصر,307,6,2,16,9,1,1,0,0,6,172306
أم أذينة,142,3,1,1,0,0,0,0,0,8,153995
اللويبدة,216,3,3,15,10,1,1,0,0,2,175914
طبربور,151,3,2,12,8,1,1,0,0,1,88938
صويلح,274,5,1,18,6,1,1,0,0,9,213721
شفا بدران,133,3,2,17,6,1,0,0,0,2,67385
عبدون,282,6,1,13,10,1,0,0,0,1,400099
أم أذينة,366,4,2,13,11,1,1,0,0,5,400885
الياسمين,354,4,3,25,5,1,0,0,0,1,143649
طبربور,174,4,3,4,10,1,1,0,0,4,137585
الصويفية,338,5,3,16,6,1,0,0,1,10,385543
طبربور,124,3,1,20,2,0,1,0,0,5,69133
الجاردنز,250,6,1,31,9,1,1,0,0,8,205414
المقابلين,147,3,1,3,0,0,1,0,0,3,67132
صويلح,263,6,2,0,2,0,1,0,0,5,219311
الجبيهة,138,3,1,2,2,0,1,0,0,5,121406
شفا بدران,168,3,1,28,9,1,1,0,0,10,75825
الشميساني,349,5,3,32,5,1,0,0,1,3,252721
الهاشمي الشمالي,312,6,1,30,4,0,1,0,0,10,127828
جبل الحسين,306,5,3,28,6,1,1,0,0,3,121923
الهاشمي الشمالي,140,3,3,21,0,0,1,0,0,9,51280
الهاشمي الشمالي,123,3,1,12,5,1,0,0,0,1,61158
اللويبدة,386,5,3,32,0,0,1,0,0,5,192259
اللويبدة,159,3,1,32,3,0,1,0,0,10,85520
خلدا,120,2,1,2,10,1,1,0,0,2,121075
الياسمين,166,3,1,32,1,0,1,0,0,1,62265
عبدون,199,3,1,6,7,1,1,0,1,6,346590
عبدون,230,4,2,31,7,1,0,0,1,5,224032
ماركا,192,4,1,7,3,1,0,0,0,4,128441
طبربور,200,3,2,33,9,1,0,0,0,10,103143
أم أذينة,118,3,2,32,0,0,1,0,1,8,98994
النصر,252,6,3,25,6,1,1,0,0,2,113163
اللويبدة,121,3,1,8,2,0,1,0,0,3,100035
الهاشمي الشمالي,185,3,2,13,2,0,1,0,0,2,83782
ماركا,220,4,3,20,2,0,0,0,0,9,102792
أم أذينة,282,4,1,19,7,1,1,0,1,10,364594
النصر,360,4,1,1,2,0,1,0,0,4,207206
النصر,300,5,1,24,5,1,1,0,0,4,136745
خلدا,166,3,2,25,7,1,1,0,0,4,148393
الصويفية,302,4,1,32,10,1,0,0,1,4,251382
عبدون,189,3,1,31,6,1,0,0,1,1,177706
الجبيهة,347,6,1,21,1,0,1,1,0,3,277385
الياسمين,263,5,1,9,3,1,1,0,0,4,172727
دير غبار,354,4,2,8,8,1,1,0,1,9,568363
دير غبار,380,5,1,32,0,0,1,0,1,6,358232
أم السماق,84,1,1,17,0,0,0,1,1,3,68976
عبدون,215,3,2,24,9,1,1,0,0,5,258078
شفا بدران,257,4,3,32,1,0,0,1,0,9,117067
تلاع العلي,117,2,2,13,10,1,1,0,1,5,108815
تلاع العلي,239,4,2,15,3,1,1,0,0,1,237261
الجبيهة,348,4,1,2,2,0,0,0,0,1,260774
دير غبار,129,3,1,17,1,0,1,0,0,7,137192
الياسمين,252,4,2,2,4,1,0,0,0,3,137265
دير غبار,173,4,1,22,10,1,0,0,0,6,203529
ماركا,351,4,2,21,0,0,1,0,0,7,153986
الشميساني,128,2,2,31,7,1,1,0,0,2,71580
دير غبار,250,4,3,0,0,0,1,0,1,4,294620
خلدا,174,3,1,6,6,1,0,0,0,8,204921
أم أذينة,148,2,2,8,5,1,1,0,1,9,169298
دير غبار,292,5,2,15,4,0,1,0,1,8,360562
الصويفية,233,4,3,32,4,0,0,0,1,1,142579
صويلح,210,3,3,34,7,1,1,0,0,3,91867
تلاع العلي,395,5,1,28,9,1,1,0,1,9,335767
الشميساني,338,6,3,32,8,1,1,0,1,3,281644
اللويبدة,287,4,1,32,4,1,1,0,0,5,159795
جبل الحسين,166,4,3,18,5,1,1,0,0,4,77982
شفا بدران,174,3,1,12,6,1,1,0,0,6,103766
الهاشمي الشمالي,244,3,3,5,9,1,1,0,0,2,136815
شفا بدران,385,6,1,31,5,1,1,0,0,2,157885
صويلح,127,2,2,16,6,1,1,0,0,3,81846
المقابلين,343,5,3,7,8,1,0,0,0,10,216784
عبدون,174,4,1,20,9,1,1,0,1,3,257092
الجبيهة,349,4,2,30,7,1,1,0,0,3,203403
الهاشمي الشمالي,360,4,2,0,3,1,0,0,0,9,221273
الياسمين,243,3,3,27,5,1,0,0,0,1,98051
اللويبدة,253,5,1,17,5,1,1,0,0,2,188363
الصويفية,94,2,1,6,0,0,0,0,0,2,78636
خلدا,134,2,1,12,6,1,0,0,0,6,132578
تلاع العلي,364,4,2,34,6,1,1,0,1,10,270810
الياسمين,150,4,3,12,9,1,1,0,0,2,91083
الشميساني,307,4,3,6,6,1,0,0,1,3,324464
عبدون,332,4,1,18,11,1,0,0,1,1,438383
أم أذينة,82,1,1,34,11,1,1,0,0,6,69469
ماركا,392,6,2,32,7,1,1,0,0,5,209561
دير غبار,254,4,1,30,11,1,1,0,0,2,223920
أم أذينة,310,4,3,17,0,0,1,0,0,9,290654
المقابلين,138,3,2,32,6,1,1,0,0,2,49987
الهاشمي الشمالي,246,3,2,34,11,1,0,0,0,3,78237
الجاردنز,379,4,1,31,3,1,1,0,1,2,292006
الهاشمي الشمالي,245,3,3,0,2,0,1,0,0,5,147548
الصويفية,399,4,2,13,8,1,1,0,1,3,465433
ماركا,242,3,2,12,2,0,1,0,0,6,133839
أم السماق,380,4,2,6,11,1,1,0,1,8,484371
أم السماق,244,4,2,12,7,1,1,0,1,9,301373
الجبيهة,302,5,1,5,11,1,1,0,0,10,306522
صويلح,206,3,3,7,10,1,1,0,0,7,189669
الجبيهة,82,1,1,14,1,0,1,0,0,4,48390
تلاع العلي,323,5,2,25,10,1,1,0,1,10,324704
صويلح,171,3,3,12,5,1,1,0,0,3,111513
طبربور,186,4,3,26,6,1,0,0,0,3,92532
اللويبدة,114,3,3,8,11,1,1,0,0,5,116161
اللويبدة,176,3,3,22,11,1,1,0,0,1,141104
تلاع العلي,167,4,1,22,11,1,0,0,1,8,151690
الشميساني,274,6,1,6,0,0,1,0,1,1,238241
جبل الحسين,105,2,1,28,3,0,0,0,0,6,35694
صويلح,130,2,2,0,1,0,0,0,0,5,96480
جبل الحسين,221,4,1,22,11,1,1,0,0,8,96597
اللويبدة,240,3,3,12,5,1,1,0,0,8,203448
تلاع العلي,345,5,1,16,0,0,1,0,1,8,289596
أم السماق,237,4,2,9,6,1,1,0,1,3,243616
الصويفية,243,3,3,25,7,1,1,0,1,6,250436
جبل الحسين,334,5,3,27,6,1,1,0,0,10,162230
الجبيهة,300,6,1,4,6,1,1,0,0,10,340951
ماركا,372,6,2,29,2,0,1,0,0,10,184024
الصويفية,128,2,1,12,5,1,0,0,1,5,123061
النصر,170,3,2,12,2,0,1,0,0,6,78212
طبربور,174,3,2,21,4,0,1,0,0,2,88791
الجبيهة,273,5,3,15,2,0,1,0,0,4,186417
خلدا,291,4,2,17,9,1,1,0,0,1,312599
طبربور,328,6,1,1,7,1,1,0,0,2,287051
جبل الحسين,339,4,1,34,11,1,0,0,0,6,120185
اللويبدة,279,5,2,30,5,1,0,0,0,10,199890
الجبيهة,313,5,3,2,3,0,1,0,0,10,284225
دير غبار,387,6,2,33,4,1,1,0,0,4,334822
ماركا,150,4,3,17,2,0,1,0,0,10,90372
خلدا,100,3,3,17,7,1,1,0,0,6,92762
طبربور,91,1,1,0,9,1,0,0,0,2,67687
النصر,112,3,1,30,2,0,1,0,0,1,37619
المقابلين,328,6,1,31,11,1,0,0,0,1,130165
ماركا,215,4,1,24,5,1,1,0,0,7,118012
أم أذينة,259,5,3,20,4,0,1,0,0,8,235386
تلاع العلي,342,4,1,19,9,1,1,0,0,7,326343
اللويبدة,369,4,2,1,6,1,1,0,0,9,368262
شفا بدران,345,6,2,28,8,1,1,0,0,7,178326
الجاردنز,344,5,1,15,3,0,1,0,1,3,340295
أم أذينة,174,4,2,15,3,0,0,0,1,6,195617
خلدا,287,5,1,5,9,1,1,0,0,8,414030
الصويفية,387,5,1,0,3,1,1,0,0,10,626116
الهاشمي الشمالي,151,3,3,9,2,0,0,0,0,9,73533
الهاشمي الشمالي,324,5,2,15,5,1,1,0,0,10,191032
الياسمين,357,6,2,8,11,1,1,0,0,3,221676
عبدون,191,4,3,20,10,1,1,0,1,7,297702
الشميساني,360,6,2,25,8,1,1,0,1,4,298932
النصر,283,5,2,4,4,1,1,0,0,4,166794
عبدون,212,3,1,8,5,1,1,0,1,10,395322
صويلح,204,4,1,9,5,1,0,0,0,1,148486
طبربور,270,6,3,24,10,1,1,0,0,3,174670
الصويفية,211,4,3,31,7,1,1,0,1,3,163449
أم أذينة,113,3,2,15,10,1,1,0,1,5,135593
عبدون,174,3,1,16,6,1,1,0,0,6,214345
الياسمين,397,6,1,0,3,1,0,0,0,2,243199
صويلح,390,6,1,5,0,0,1,0,0,8,285324
اللويبدة,360,6,3,18,4,0,1,0,0,10,283499
المقابلين,199,3,1,9,11,1,0,0,0,6,109792
الشميساني,372,5,2,25,0,0,1,1,1,6,278876
